{
"type": "FeatureCollection",
"crs": { "type": "name", "properties": { "name": "urn:ogc:def:crs:OGC:1.3:CRS84" } },
"features": [
{ "type": "Feature", "properties": { "province": "Hainan Province" }, "geometry": { "type": "Polygon", "coordinates": [ [ [ 110.92511515700005, 20.000419416000057 ], [ 110.984060704000058, 19.817850958000065 ], [ 110.984060704000058, 19.648135137000054 ], [ 110.786419755000054, 19.484777391000023 ], [ 110.557572342000071, 19.190318531000059 ], [ 110.460485560000052, 18.721373680000056 ], [ 110.346061855000073, 18.626112990000024 ], [ 110.203899066000076, 18.649111847000029 ], [ 110.023595044000047, 18.461745121000035 ], [ 110.033997199000055, 18.379502021000064 ], [ 109.704595620000077, 18.349884891000045 ], [ 109.697660849000044, 18.195135300000061 ], [ 109.475748206000048, 18.17207570000005 ], [ 109.437606971000037, 18.251124482000023 ], [ 109.104738006000048, 18.277466093000044 ], [ 108.664380104000088, 18.504495973000076 ], [ 108.667847489000053, 18.645826488000068 ], [ 108.605434559000059, 18.800169554000036 ], [ 108.598499788000083, 19.088771294000026 ], [ 108.647043179000036, 19.344157750000022 ], [ 109.056194616000084, 19.589345425000033 ], [ 109.205292172000043, 19.631806819000076 ], [ 109.250368177000041, 19.72322398700004 ], [ 109.174085707000074, 19.746070122000049 ], [ 109.174085707000074, 19.840683527000067 ], [ 109.257302949000064, 19.889599401000055 ], [ 109.392530966000038, 19.876556644000061 ], [ 109.656052229000068, 20.019967807000057 ], [ 110.013192889000038, 19.954797066000026 ], [ 110.106812285000046, 20.049285836000024 ], [ 110.595713577000083, 20.078598390000025 ], [ 110.832598923000035, 20.152743516000044 ], [ 110.921647772000085, 20.15999338000006 ], [ 110.92511515700005, 20.000419416000057 ] ] ] } },
{ "type": "Feature", "properties": { "province": "Taiwan Province" }, "geometry": { "type": "Polygon", "coordinates": [ [ [ 121.73295436, 25.162184424000031 ], [ 121.923660538000036, 25.105680913000072 ], [ 121.947932233000074, 25.005165760000068 ], [ 121.816171602000054, 24.794445852000024 ], [ 121.843910681000011, 24.624350803000027 ], [ 121.809236832000011, 24.406670012000063 ], [ 121.674008815000093, 24.201264493000053 ], [ 121.379281086000105, 23.115104888000076 ], [ 121.143498902000033, 22.699895500000025 ], [ 120.975677466000093, 22.546651610000026 ], [ 120.880255028000079, 22.294331901000078 ], [ 120.882474154000079, 22.027156499000057 ], [ 120.820338615000082, 21.905733072000032 ], [ 120.722697053000047, 21.901615205000041 ], [ 120.625055489000033, 22.296385127000065 ], [ 120.5251948, 22.401059575000033 ], [ 120.265557006000108, 22.550750575000052 ], [ 120.162228932000062, 22.891688569000053 ], [ 120.027000915000031, 23.162931609000054 ], [ 120.169163703000095, 23.668839802000036 ], [ 120.232270111000048, 23.852013140000054 ], [ 120.467497513000012, 24.152044318000037 ], [ 120.711601420000079, 24.59270013500003 ], [ 120.853625512, 24.697583150000071 ], [ 120.907716719000064, 24.860531080000044 ], [ 121.042944736000095, 25.008308106000072 ], [ 121.136564133000093, 25.077419360000079 ], [ 121.407020165000063, 25.105680913000072 ], [ 121.409717627000077, 25.165323446000059 ], [ 121.504106948000071, 25.275112909000029 ], [ 121.618530653000107, 25.281383638000023 ], [ 121.73295436, 25.162184424000031 ] ] ] } },
{ "type": "Feature", "properties": { "province": "Guangxi Zhuang Autonomous Region" }, "geometry": { "type": "Polygon", "coordinates": [ [ [ 112.000961291000067, 24.857424712000068 ], [ 112.076879082, 24.460278355000071 ], [ 111.939526005000062, 24.292485753000051 ], [ 111.910439470000085, 24.018242622000059 ], [ 111.860345995000046, 23.957712155000024 ], [ 111.679363117000037, 23.910449108000023 ], [ 111.666435769000088, 23.762049187000059 ], [ 111.558169226000075, 23.706429473000071 ], [ 111.424047986000062, 23.373104589000036 ], [ 111.457982275000063, 23.136211966000076 ], [ 111.410009693000063, 22.964288484000065 ], [ 111.011079799000072, 22.701334809000059 ], [ 110.791415872000073, 22.629108465000058 ], [ 110.72829405400006, 22.503204202000063 ], [ 110.766167145000054, 22.344494965000024 ], [ 110.53640372600006, 22.246378231000051 ], [ 110.377336743000058, 22.248715143000027 ], [ 110.347038269000052, 22.056959092000056 ], [ 110.396323786000039, 21.994043766000061 ], [ 110.375316845000043, 21.973065785000074 ], [ 110.066676401000052, 21.961076975000026 ], [ 109.984264555000038, 21.910113253000077 ], [ 109.921243731000061, 21.73309787900007 ], [ 109.791970245000073, 21.679049669000051 ], [ 109.742125052000063, 21.546600053000077 ], [ 109.567148477000046, 21.734741850000034 ], [ 109.498355557000082, 21.720311572000071 ], [ 109.549395465000089, 21.538779107000039 ], [ 109.323044568000057, 21.516071536000027 ], [ 109.156610086000057, 21.437599915000078 ], [ 109.125542315000075, 21.633699528000022 ], [ 108.852589764000072, 21.753292934000058 ], [ 108.794714947000045, 21.695982969000056 ], [ 108.654111097000055, 21.955714466000074 ], [ 108.524869172000081, 21.946493519000057 ], [ 108.490783391000036, 21.743481770000074 ], [ 108.381424841000069, 21.715776043000062 ], [ 108.318934240000033, 21.606220277000034 ], [ 108.179750630000058, 21.641868028000033 ], [ 108.043407502000036, 21.581129555000075 ], [ 107.840313052000056, 21.688064979000046 ], [ 107.533541012000057, 21.623385106000057 ], [ 107.213986807000083, 21.784370934000037 ], [ 107.060931230000051, 21.963217941000039 ], [ 106.746699460000059, 22.013454937000063 ], [ 106.735863882000046, 22.299464908000061 ], [ 106.65459704400007, 22.424723881000034 ], [ 106.649179254000046, 22.569882809000035 ], [ 106.819731258000047, 22.709491556000046 ], [ 106.830133413000055, 22.830983303000039 ], [ 106.563144764000072, 22.936401400000022 ], [ 106.379373356000087, 22.882105331000048 ], [ 106.160928097000067, 23.022591583000064 ], [ 105.970221919000039, 22.945980801000076 ], [ 105.585342180000055, 23.169307214000071 ], [ 105.537065878000078, 23.282529773000078 ], [ 105.876017859000058, 23.588721625000062 ], [ 106.139735767000047, 23.601042091000068 ], [ 106.203855415000078, 23.971060829000066 ], [ 106.12112038500004, 24.107067435000033 ], [ 106.033214416000078, 24.171242650000067 ], [ 105.857814536000035, 24.11239570500004 ], [ 105.620476498000073, 24.220664480000039 ], [ 105.463934388000041, 24.15387118700005 ], [ 105.24679533300008, 24.22757213400007 ], [ 105.211447115000055, 24.436925851000069 ], [ 105.123076569000034, 24.524245699000062 ], [ 105.072579114000064, 24.558697367000036 ], [ 104.961484713000061, 24.515056990000062 ], [ 104.774644131000059, 24.549511181000071 ], [ 104.696373076000043, 24.462208879000059 ], [ 104.582753801000081, 24.590843721000056 ], [ 104.542355839000038, 24.710172148000026 ], [ 104.581047571000056, 24.817365169000027 ], [ 104.750304357000061, 24.779055223000057 ], [ 104.858570900000075, 24.79812660500005 ], [ 104.944214583000075, 24.874382792000063 ], [ 105.083183578000046, 24.911027688000047 ], [ 105.220536656000036, 25.044323130000066 ], [ 105.480699544000061, 25.000395542000035 ], [ 105.57765465600005, 24.889042055000061 ], [ 106.034959608000065, 24.780522356000063 ], [ 106.23048575200005, 24.881712642000025 ], [ 106.25634044800006, 25.056034497000041 ], [ 106.390461689000063, 25.077990294000074 ], [ 106.741116015000046, 25.268108706000078 ], [ 106.997077515000058, 25.318016716000045 ], [ 107.160479198000075, 25.56549857400006 ], [ 107.308368066000071, 25.621461478000072 ], [ 107.394205659000079, 25.607473207000055 ], [ 107.42523129500006, 25.499242013000071 ], [ 107.542094524000049, 25.40399255400007 ], [ 107.686428370000044, 25.405393826000079 ], [ 107.888418189000049, 25.254956223000079 ], [ 108.138885565000066, 25.329468114000065 ], [ 108.323100280000062, 25.62122835200006 ], [ 108.494387648000043, 25.587711983000077 ], [ 108.643052155000078, 25.507526084000062 ], [ 108.801412173000074, 25.663474723000036 ], [ 109.068038734000083, 25.702794099000073 ], [ 109.059959141000036, 25.88756640500003 ], [ 109.127827719000038, 25.920998270000041 ], [ 109.314365319000046, 25.881206011000074 ], [ 109.538184653000087, 26.125609403000055 ], [ 109.670214570000041, 26.116935383000055 ], [ 109.737281503000077, 26.042523264000067 ], [ 109.855634913000074, 26.042523264000067 ], [ 109.934537185000067, 26.109850554000047 ], [ 110.033165027000052, 26.336351689000026 ], [ 110.159408663000079, 26.329280212000072 ], [ 110.206750028000044, 26.12401978500003 ], [ 110.380335030000083, 26.113393022000025 ], [ 110.71961480300007, 26.438839537000035 ], [ 110.932650941000077, 26.407042699000044 ], [ 111.129950809000036, 26.469079374000046 ], [ 111.317397362000065, 26.37501654600004 ], [ 111.323217192000072, 26.060244725000075 ], [ 111.406064580000077, 26.007072305000065 ], [ 111.51258264900008, 26.003526621000049 ], [ 111.406064580000077, 25.747956671000054 ], [ 111.378448785000046, 25.545239502000072 ], [ 111.255863183000088, 25.468434259000048 ], [ 111.209324729000059, 25.361012278000032 ], [ 111.066606802000081, 25.240399147000062 ], [ 111.052128171000049, 25.145881961000043 ], [ 111.104871754000044, 25.055039074000035 ], [ 111.316880268000034, 25.226366580000047 ], [ 111.454427255000041, 25.212332395000033 ], [ 111.517512715000066, 25.103746743000045 ], [ 111.523717842000053, 24.765204628000049 ], [ 111.563016981000089, 24.754874366000024 ], [ 111.698495592000086, 24.886286247000044 ], [ 112.000961291000067, 24.857424712000068 ] ] ] } },
{ "type": "Feature", "properties": { "province": "Fujian Province" }, "geometry": { "type": "MultiPolygon", "coordinates": [ [ [ [ 118.482178241000042, 24.455170363000036 ], [ 118.445251976, 24.391806040000063 ], [ 118.313169572000106, 24.398273244000052 ], [ 118.330212463000066, 24.452584689000048 ], [ 118.404422587000113, 24.491339091000043 ], [ 118.482178241000042, 24.455170363000036 ] ] ], [ [ [ 119.902419157000054, 25.527440884000043 ], [ 119.764655789000017, 25.424869472000069 ], [ 119.714947357000028, 25.524877665000076 ], [ 119.744404271, 25.62422953500004 ], [ 119.848450003000039, 25.628644174000044 ], [ 119.902419157000054, 25.527440884000043 ] ] ], [ [ [ 120.114261474000045, 26.656110173000059 ], [ 120.042406102000086, 26.575892398000065 ], [ 119.959753807000084, 26.60385850800003 ], [ 120.064569275000053, 26.788971419000063 ], [ 120.120218397000031, 26.721307989000024 ], [ 120.114261474000045, 26.656110173000059 ] ] ], [ [ [ 120.541400082000109, 27.287413743000059 ], [ 120.468243138000048, 27.228858849000062 ], [ 120.334626873000047, 27.253103090000025 ], [ 120.404945886000064, 27.18473057500006 ], [ 120.269717870000022, 27.098334775000069 ], [ 120.258899628000108, 26.973115456000073 ], [ 119.979112167000039, 26.850271183000075 ], [ 119.90383939700007, 26.651475420000054 ], [ 119.874990755000113, 26.736727495000025 ], [ 119.697460640000031, 26.752581306000025 ], [ 119.681926755000063, 26.623705174000065 ], [ 119.837265606000074, 26.401300670000069 ], [ 119.679707629000063, 26.246158010000045 ], [ 119.635325101000035, 26.126676324000073 ], [ 119.664173744000095, 26.050941291000072 ], [ 119.624229468000067, 25.907309128000065 ], [ 119.681926755000063, 25.791478064000046 ], [ 119.550998296000103, 25.663533039000072 ], [ 119.619791215000078, 25.489387485000066 ], [ 119.595380823000028, 25.415248919000078 ], [ 119.351276917000064, 25.55146839300005 ], [ 119.255854480000039, 25.49339367400006 ], [ 119.215910203000021, 25.357108425000035 ], [ 119.267643589000045, 25.246890617000076 ], [ 119.163622038000085, 25.231208733000074 ], [ 118.941709395000089, 25.089980857000057 ], [ 118.97985063100009, 24.961164482000072 ], [ 118.931307239000034, 24.904568294000057 ], [ 118.660851206000075, 24.932869637000067 ], [ 118.692057670000054, 24.813330943000039 ], [ 118.771807527000078, 24.76926125500006 ], [ 118.65044905000002, 24.60228445000007 ], [ 118.459742873000096, 24.636958397000058 ], [ 118.262101926000014, 24.570754338000029 ], [ 118.137414758000091, 24.479650851000031 ], [ 117.957665517, 24.489748676000033 ], [ 118.090813102000084, 24.251224411000067 ], [ 117.860023955000088, 24.056839996000065 ], [ 117.720218989000045, 24.056839996000065 ], [ 117.680274713000017, 23.892598729000042 ], [ 117.524935862, 23.94331280800003 ], [ 117.533812369000088, 23.748462379000046 ], [ 117.407322162000014, 23.764711093000074 ], [ 117.340748369000039, 23.61636651200007 ], [ 117.221615904000032, 23.642915019000043 ], [ 117.108647470000051, 23.754691292000075 ], [ 117.108647470000051, 23.835549805000028 ], [ 116.984928705000016, 24.073212073000036 ], [ 117.032901288000062, 24.29101290400007 ], [ 116.813136365000105, 24.570546555000078 ], [ 116.787734125000043, 24.724817811000037 ], [ 116.723614477000069, 24.741725517000077 ], [ 116.552973477000023, 24.684417879000023 ], [ 116.450588876000097, 24.856261539000059 ], [ 116.338896587000022, 24.934123038000052 ], [ 116.203417976000082, 24.921931108000024 ], [ 115.968415997000079, 24.973183089000031 ], [ 115.907439263000015, 25.142348392000031 ], [ 115.91532949100008, 25.256577525000068 ], [ 116.029737787000045, 25.295819018000032 ], [ 116.124420514, 25.71597160500005 ], [ 116.226993470000025, 25.804797748000055 ], [ 116.250664151000024, 25.964517027000056 ], [ 116.369017562000067, 26.010617884000055 ], [ 116.507727758000101, 26.182945336000046 ], [ 116.477429285000085, 26.355018317000031 ], [ 116.68194397700006, 26.540389258000062 ], [ 116.603672922000101, 26.702907459000073 ], [ 116.659220122000079, 27.000255409000033 ], [ 117.032901288000062, 27.108187816000054 ], [ 117.237415979000048, 27.337198581000052 ], [ 117.191968270000075, 27.543352335000066 ], [ 117.39648296200005, 27.938886529000058 ], [ 117.555549944000063, 28.008012782000037 ], [ 117.659069728000077, 28.005783594000036 ], [ 117.724716418000071, 27.916578293000043 ], [ 117.853484929000047, 27.900959789000069 ], [ 117.876208783000038, 27.972340247000034 ], [ 118.452037572000108, 28.153741377000074 ], [ 118.489023014000054, 28.300383434000025 ], [ 118.590948388000015, 28.390088225000056 ], [ 118.820511189000058, 28.355199614000071 ], [ 118.896257370000058, 28.252941258000078 ], [ 118.845759915000031, 28.101596975000064 ], [ 118.939180208000039, 27.961190158000079 ], [ 119.047749734000035, 27.552306797000028 ], [ 119.297712135000097, 27.491850020000072 ], [ 119.507276574000116, 27.559022164000055 ], [ 119.610796356000037, 27.699949895000032 ], [ 119.694319145, 27.686267733000079 ], [ 119.897924884000076, 27.356665184000065 ], [ 120.238883699000098, 27.437007164000079 ], [ 120.411786985000049, 27.393974079000031 ], [ 120.541400082000109, 27.287413743000059 ] ] ] ] } },
{ "type": "Feature", "properties": { "province": "Yunnan Province" }, "geometry": { "type": "Polygon", "coordinates": [ [ [ 104.581047571000056, 24.817365169000027 ], [ 104.554980201000035, 24.655111662000024 ], [ 104.696373076000043, 24.462208879000059 ], [ 104.774644131000059, 24.549511181000071 ], [ 104.961484713000061, 24.515056990000062 ], [ 105.072579114000064, 24.558697367000036 ], [ 105.211447115000055, 24.436925851000069 ], [ 105.24679533300008, 24.22757213400007 ], [ 105.463934388000041, 24.15387118700005 ], [ 105.620476498000073, 24.220664480000039 ], [ 105.857814536000035, 24.11239570500004 ], [ 105.985641774000044, 24.164637866000078 ], [ 106.075616119000074, 24.147652566000033 ], [ 106.203855415000078, 23.971060829000066 ], [ 106.139735767000047, 23.601042091000068 ], [ 105.876017859000058, 23.588721625000062 ], [ 105.537065878000078, 23.282529773000078 ], [ 105.36190388700004, 23.361961855000061 ], [ 105.301987472000064, 23.341588309000031 ], [ 104.909202095000069, 23.111150450000025 ], [ 104.904763842000079, 22.894627294000031 ], [ 104.369954371000063, 22.72893749800005 ], [ 104.25012154500007, 22.849645071000054 ], [ 104.108097453000084, 22.745310885000038 ], [ 103.994922005000035, 22.509755441000038 ], [ 103.675367798000082, 22.78828168900003 ], [ 103.582164488000046, 22.579439926000077 ], [ 103.404634373000079, 22.792373443000031 ], [ 103.029602006000061, 22.462596005000023 ], [ 102.614625363000073, 22.769867287000068 ], [ 102.494792536000034, 22.733031028000028 ], [ 102.448190881000073, 22.616317457000036 ], [ 102.206306100000063, 22.427728711000043 ], [ 101.712273078000067, 22.45657176800006 ], [ 101.594381986000087, 22.193558515000063 ], [ 101.795490318000077, 21.862489549000031 ], [ 101.781565301000057, 21.171143518000065 ], [ 101.662265063000063, 21.213517699000022 ], [ 101.302944111000045, 21.20822159100004 ], [ 101.103400263000083, 21.710003344000029 ], [ 100.83266683800008, 21.604817292000064 ], [ 100.628507207000041, 21.435534302000065 ], [ 100.395498931000077, 21.491295592000029 ], [ 100.240160080000067, 21.39628209600005 ], [ 100.146956770000088, 21.641950535000035 ], [ 99.991617920000067, 21.763598057000024 ], [ 99.993837047000056, 22.037441846000036 ], [ 99.219361921000086, 22.152586602000042 ], [ 99.283716589000051, 22.409266009000078 ], [ 99.420331560000079, 22.555874113000073 ], [ 99.402994633000048, 22.783038954000062 ], [ 99.541690036000034, 22.965137568000046 ], [ 99.503548800000033, 23.121482770000057 ], [ 99.139473370000076, 23.102348216000053 ], [ 98.952234578000059, 23.233046572000035 ], [ 98.882886877000033, 23.614841550000051 ], [ 98.747658860000058, 23.935326662000023 ], [ 98.862082565000037, 24.150652211000079 ], [ 98.560420066000063, 24.131667434000065 ], [ 98.33157265300008, 24.185450310000078 ], [ 98.043779693000033, 24.11267983700003 ], [ 97.766388890000087, 23.884609447000059 ], [ 97.645030413000086, 23.884609447000059 ], [ 97.655432568000037, 24.011365125000054 ], [ 97.773323661000063, 24.239210525000033 ], [ 97.645030413000086, 24.425613736000059 ], [ 97.582617482000046, 24.662169773000073 ], [ 97.631160873000056, 24.822772410000027 ], [ 97.818399667000051, 24.873114743000031 ], [ 97.759454120000044, 25.002023333000068 ], [ 97.891214752000053, 25.300193881000041 ], [ 98.147801245000039, 25.366006737000077 ], [ 98.214358785000059, 25.576608725000028 ], [ 98.400595287000044, 25.584244253000065 ], [ 98.569901198000082, 25.805462229000057 ], [ 98.654554153000049, 25.790219023000077 ], [ 98.756137700000068, 25.91972372500004 ], [ 98.612227676000032, 26.064296087000059 ], [ 98.781533585000034, 26.269434296000043 ], [ 98.825891735000084, 26.961469432000058 ], [ 98.755460477000042, 27.323055776000047 ], [ 98.760878265000088, 27.568263902000069 ], [ 98.560420066000063, 27.673871377000069 ], [ 98.435810917000083, 27.539444197000023 ], [ 98.175757038000086, 27.961372657000027 ], [ 98.154365706000078, 28.213301262000073 ], [ 98.36904198600007, 28.37661694600007 ], [ 98.50639506300007, 28.306928135000078 ], [ 98.674450593000074, 28.383725478000031 ], [ 98.674450593000074, 28.970651495000027 ], [ 98.829578775000073, 29.015880494000044 ], [ 98.936229399000069, 29.131689405000031 ], [ 98.931381644000055, 29.272743395000077 ], [ 98.981475118000048, 29.317839646000039 ], [ 99.121454064000034, 29.340099191000036 ], [ 99.214874355000063, 28.535023912000042 ], [ 99.391615447000049, 28.246268822000047 ], [ 99.505234720000033, 28.359643400000039 ], [ 99.659251957000038, 28.375195183000073 ], [ 99.936987958000032, 28.637010039000074 ], [ 100.070806215000061, 28.654736654000033 ], [ 100.141502650000064, 28.617064016000029 ], [ 100.204624470000056, 28.557203221000066 ], [ 100.12382854100008, 28.386302203000071 ], [ 100.181900614000085, 28.086005269000054 ], [ 100.509660656000051, 27.961608308000052 ], [ 100.631959180000081, 27.975545684000053 ], [ 100.979129182000065, 27.672002477000035 ], [ 101.050141228000086, 27.455167921000054 ], [ 101.156659297000033, 27.406146074000048 ], [ 101.243451798000081, 27.308037135000063 ], [ 101.272645638000085, 27.049737317000051 ], [ 101.530182659000047, 26.797602874000063 ], [ 101.522608039000033, 26.63747653300004 ], [ 101.651376549000076, 26.531353700000068 ], [ 101.681675022000036, 26.323339837000049 ], [ 101.863465859000087, 26.201070285000071 ], [ 102.055356189000065, 26.171615810000048 ], [ 102.557805864000045, 26.445480437000072 ], [ 102.772420048000072, 26.332391717000064 ], [ 103.060255540000071, 26.517799029000059 ], [ 103.069749061000039, 26.831583776000059 ], [ 102.950171087000058, 26.982886593000046 ], [ 103.022382449000077, 27.489610241000037 ], [ 103.199123541000063, 27.565737121000041 ], [ 103.572804706000056, 27.907653710000034 ], [ 103.555288400000052, 28.236537438000028 ], [ 103.618410220000044, 28.32339335100005 ], [ 103.910348631000033, 28.378943931000038 ], [ 103.937964425000075, 28.465683483000078 ], [ 103.866952379000054, 28.638949034000063 ], [ 103.918238857000063, 28.701254759000051 ], [ 104.300914882000086, 28.749689138000065 ], [ 104.399542724000071, 28.704715101000033 ], [ 104.356146473000081, 28.420587786000056 ], [ 104.490280338000048, 28.316447485000026 ], [ 104.458719428000052, 28.114820309000038 ], [ 104.506060793000074, 28.031277174000024 ], [ 104.584963066000057, 27.989481258000069 ], [ 104.821669885000063, 27.975545684000053 ], [ 105.026815795000061, 28.052169047000064 ], [ 105.054431591000082, 28.170479610000029 ], [ 105.129388750000032, 28.208728595000025 ], [ 105.208291023000072, 28.194821456000057 ], [ 105.342424888000039, 28.076537770000073 ], [ 105.374048919000074, 27.849268785000049 ], [ 105.217304819000049, 27.501525337000032 ], [ 104.916743969000038, 27.425533315000052 ], [ 104.549930456000084, 27.45278176100004 ], [ 104.451359423000042, 27.511558102000038 ], [ 104.35602022900008, 27.510124906000044 ], [ 104.236442256000032, 27.398278141000048 ], [ 104.108784691000039, 27.47572260000004 ], [ 103.994054473000062, 27.487191231000054 ], [ 103.901947115000041, 27.442743642000039 ], [ 103.691877705000081, 27.198680866000075 ], [ 103.837310373000037, 27.054864197000029 ], [ 103.796912411000051, 26.905099041000028 ], [ 103.85054070700005, 26.669068563000053 ], [ 104.06263001700006, 26.63747653300004 ], [ 104.206547765000039, 26.768300819000046 ], [ 104.380763982000076, 26.761537732000079 ], [ 104.491858383000078, 26.802110210000023 ], [ 104.708997440000076, 26.535871569000051 ], [ 104.587096582000072, 26.372121090000064 ], [ 104.564473723000049, 26.148953457000061 ], [ 104.35602022900008, 25.798853447000056 ], [ 104.496605145000046, 25.519192820000058 ], [ 104.651733326000056, 25.478354285000023 ], [ 104.759999869000069, 25.330928674000063 ], [ 104.708290475000069, 25.057498339000063 ], [ 104.628201512000032, 24.998839485000076 ], [ 104.581047571000056, 24.817365169000027 ] ] ] } },
{ "type": "Feature", "properties": { "province": "Guizhou Province" }, "geometry": { "type": "Polygon", "coordinates": [ [ [ 109.538184653000087, 26.125609403000055 ], [ 109.314365319000046, 25.881206011000074 ], [ 109.127827719000038, 25.920998270000041 ], [ 109.059959141000036, 25.88756640500003 ], [ 109.068038734000083, 25.702794099000073 ], [ 108.801412173000074, 25.663474723000036 ], [ 108.643052155000078, 25.507526084000062 ], [ 108.494387648000043, 25.587711983000077 ], [ 108.323100280000062, 25.62122835200006 ], [ 108.121110461000058, 25.317783002000056 ], [ 107.999916570000039, 25.313400795000064 ], [ 107.888418189000049, 25.254956223000079 ], [ 107.686428370000044, 25.405393826000079 ], [ 107.542094524000049, 25.40399255400007 ], [ 107.42523129500006, 25.499242013000071 ], [ 107.394205659000079, 25.607473207000055 ], [ 107.308368066000071, 25.621461478000072 ], [ 107.160479198000075, 25.56549857400006 ], [ 106.997077515000058, 25.318016716000045 ], [ 106.741116015000046, 25.268108706000078 ], [ 106.390461689000063, 25.077990294000074 ], [ 106.25634044800006, 25.056034497000041 ], [ 106.23048575200005, 24.881712642000025 ], [ 106.034959608000065, 24.780522356000063 ], [ 105.57765465600005, 24.889042055000061 ], [ 105.480699544000061, 25.000395542000035 ], [ 105.220536656000036, 25.044323130000066 ], [ 105.083183578000046, 24.911027688000047 ], [ 104.944214583000075, 24.874382792000063 ], [ 104.858570900000075, 24.79812660500005 ], [ 104.663044756000033, 24.793725778000066 ], [ 104.581047571000056, 24.817365169000027 ], [ 104.587803548000068, 24.918721735000076 ], [ 104.708290475000069, 25.057498339000063 ], [ 104.759999869000069, 25.330928674000063 ], [ 104.651733326000056, 25.478354285000023 ], [ 104.496605145000046, 25.519192820000058 ], [ 104.35602022900008, 25.798853447000056 ], [ 104.564473723000049, 26.148953457000061 ], [ 104.587096582000072, 26.372121090000064 ], [ 104.708997440000076, 26.535871569000051 ], [ 104.491858383000078, 26.802110210000023 ], [ 104.380763982000076, 26.761537732000079 ], [ 104.206547765000039, 26.768300819000046 ], [ 104.06263001700006, 26.63747653300004 ], [ 103.85054070700005, 26.669068563000053 ], [ 103.796912411000051, 26.905099041000028 ], [ 103.837310373000037, 27.054864197000029 ], [ 103.691877705000081, 27.198680866000075 ], [ 103.901947115000041, 27.442743642000039 ], [ 103.994054473000062, 27.487191231000054 ], [ 104.108784691000039, 27.47572260000004 ], [ 104.236442256000032, 27.398278141000048 ], [ 104.35602022900008, 27.510124906000044 ], [ 104.451359423000042, 27.511558102000038 ], [ 104.549930456000084, 27.45278176100004 ], [ 104.916743969000038, 27.425533315000052 ], [ 105.217304819000049, 27.501525337000032 ], [ 105.369458761000033, 27.865629813000055 ], [ 105.615426754000055, 27.892033917000049 ], [ 105.771968864000087, 27.809434727000053 ], [ 106.329965739000045, 27.903191141000036 ], [ 106.38803781200005, 27.965650332000052 ], [ 106.324915994000037, 28.068183402000045 ], [ 106.287042901000063, 28.266284877000032 ], [ 105.986583047000067, 28.348533589000056 ], [ 105.766919117000043, 28.475116458000059 ], [ 105.761869373000081, 28.659167840000066 ], [ 105.958809445000043, 28.752179441000067 ], [ 106.024456136000083, 28.858377056000052 ], [ 106.097677446000034, 28.862799607000056 ], [ 106.393693528000085, 28.633641644000079 ], [ 106.513271500000087, 28.67192860800003 ], [ 106.553669464000052, 28.738542916000029 ], [ 106.547205789000088, 28.897112203000063 ], [ 106.653856414000074, 28.806530743000053 ], [ 106.650624577000087, 28.690358085000071 ], [ 106.771818469000038, 28.615202195000052 ], [ 106.880085012000052, 28.71870479100005 ], [ 106.985119718000078, 28.938130937000039 ], [ 107.090154424000048, 28.997508599000071 ], [ 107.240434850000042, 29.017293581000047 ], [ 107.406874461000086, 28.949443593000069 ], [ 107.492518144000087, 28.979133439000066 ], [ 107.562002641000049, 29.113338139000064 ], [ 107.524836515000061, 29.305158338000069 ], [ 107.620175710000069, 29.348831762000032 ], [ 107.849636145000034, 29.255827168000053 ], [ 107.923968398000056, 29.13451238500005 ], [ 107.98052554700007, 29.120396704000029 ], [ 108.095255765000047, 29.19659834600003 ], [ 108.363498244000084, 29.188134289000061 ], [ 108.439446416000067, 29.031423392000079 ], [ 108.441062334000037, 28.836261481000065 ], [ 108.499235403000057, 28.775375155000063 ], [ 108.675370526000052, 28.739959780000049 ], [ 108.649515828000062, 28.591084183000078 ], [ 108.709692636000057, 28.457228158000078 ], [ 108.763470404000088, 28.488137462000054 ], [ 108.777949035000063, 28.604420709000067 ], [ 108.850342187000081, 28.578994723000051 ], [ 108.904119955000056, 28.357165568000028 ], [ 109.131641289000072, 28.356255475000069 ], [ 109.207137002000081, 28.435404383000048 ], [ 109.250572895000062, 28.576270144000034 ], [ 109.337449754000033, 28.612592041000028 ], [ 109.438084083000035, 28.412954305000028 ], [ 109.410310483000046, 28.092687706000049 ], [ 109.463332809000065, 27.883107307000046 ], [ 109.54412873800004, 27.782632297000077 ], [ 109.523727766000036, 27.697714364000035 ], [ 109.350824482000064, 27.535919578000062 ], [ 109.216703241000062, 27.507258458000024 ], [ 108.912910553000074, 27.248972962000039 ], [ 108.964619946000084, 27.16993233200003 ], [ 109.035720363000053, 27.165619413000059 ], [ 109.213471404000074, 27.254719184000066 ], [ 109.42354081600007, 27.271956069000055 ], [ 109.591596345000085, 27.198680866000075 ], [ 109.575437160000035, 26.975686297000038 ], [ 109.405260736000059, 26.815631147000033 ], [ 109.483531791000075, 26.67583714500006 ], [ 109.357288155000049, 26.497464021000042 ], [ 109.538184653000087, 26.125609403000055 ] ] ] } },
{ "type": "Feature", "properties": { "province": "Jiangxi Province" }, "geometry": { "type": "Polygon", "coordinates": [ [ [ 118.590948388000015, 28.390088225000056 ], [ 118.489023014000054, 28.300383434000025 ], [ 118.452037572000108, 28.153741377000074 ], [ 117.876208783000038, 27.972340247000034 ], [ 117.853484929000047, 27.900959789000069 ], [ 117.724716418000071, 27.916578293000043 ], [ 117.659069728000077, 28.005783594000036 ], [ 117.555549944000063, 28.008012782000037 ], [ 117.39648296200005, 27.938886529000058 ], [ 117.191968270000075, 27.543352335000066 ], [ 117.237415979000048, 27.337198581000052 ], [ 117.032901288000062, 27.108187816000054 ], [ 116.659220122000079, 27.000255409000033 ], [ 116.603672922000101, 26.702907459000073 ], [ 116.68194397700006, 26.540389258000062 ], [ 116.477429285000085, 26.355018317000031 ], [ 116.507727758000101, 26.182945336000046 ], [ 116.369017562000067, 26.010617884000055 ], [ 116.250664151000024, 25.964517027000056 ], [ 116.226993470000025, 25.804797748000055 ], [ 116.124420514, 25.71597160500005 ], [ 116.029737787000045, 25.295819018000032 ], [ 115.91532949100008, 25.256577525000068 ], [ 115.907439263000015, 25.142348392000031 ], [ 115.970561082000017, 24.967227816000047 ], [ 115.824591877000103, 24.895678235000048 ], [ 115.856152785000063, 24.730956888000037 ], [ 115.812756536000052, 24.641342741000074 ], [ 115.702293353000073, 24.644928543000049 ], [ 115.47347676000004, 24.841988817000072 ], [ 115.142087214000071, 24.723790129000065 ], [ 114.483253233000028, 24.587543359000051 ], [ 114.270217095000021, 24.759619799000063 ], [ 114.45958255000005, 24.945767303000025 ], [ 114.495088573000089, 25.092339483000046 ], [ 114.735740508000049, 25.156632890000026 ], [ 114.755466076000062, 25.295819018000032 ], [ 114.676563801000043, 25.449095610000029 ], [ 114.364899823000087, 25.374263894000023 ], [ 114.136083232000033, 25.402776689000063 ], [ 114.033510276000015, 25.559476494000023 ], [ 114.045345616000077, 25.666199964000043 ], [ 113.978278685000078, 25.779933128000039 ], [ 114.116357662000041, 25.978703832000065 ], [ 114.116357662000041, 26.138187296000069 ], [ 114.254436641000098, 26.247927187000073 ], [ 114.254436641000098, 26.308063186000027 ], [ 114.100577209000107, 26.262079637000056 ], [ 114.02956516100005, 26.290379363000056 ], [ 114.071225562000109, 26.450001680000071 ], [ 114.149496617000068, 26.533612657000049 ], [ 114.162120981000044, 26.67583714500006 ], [ 113.990429635000055, 26.766046502000052 ], [ 113.919733198000017, 26.856184276000079 ], [ 113.917208325000047, 26.939497842000037 ], [ 113.99800425300009, 27.056483162000063 ], [ 113.859136252000098, 27.260913997000046 ], [ 113.942772662000039, 27.364110030000063 ], [ 113.938827549000052, 27.430659718000072 ], [ 113.863870388, 27.497169310000061 ], [ 113.757352320000109, 27.423656375000064 ], [ 113.67845004600008, 27.616086197000072 ], [ 113.72184629800006, 27.857020660000046 ], [ 113.80074857000011, 27.930242633000034 ], [ 113.844144819, 28.069575841000074 ], [ 114.096632094000029, 28.180912508000063 ], [ 114.3175584600001, 28.458746934000033 ], [ 114.313613345000022, 28.555817152000031 ], [ 114.234711072000096, 28.683951328000035 ], [ 114.238978108000083, 28.865983726000024 ], [ 114.040220125000019, 29.164149004000024 ], [ 114.066175817000044, 29.260056488000032 ], [ 114.285839745000089, 29.341524811000056 ], [ 114.419658, 29.44711647500003 ], [ 114.624172692000116, 29.438321358000053 ], [ 114.937256913000056, 29.491080625000052 ], [ 115.086224403000074, 29.642610441000045 ], [ 115.21751778700002, 29.649193533000073 ], [ 115.21751778700002, 29.734734540000034 ], [ 115.495253788000014, 29.776381967000077 ], [ 115.53843517100006, 29.834617225000045 ], [ 115.681153099000085, 29.862424128000043 ], [ 115.941768443000115, 29.722414107000077 ], [ 116.109306879000087, 29.83641145100006 ], [ 116.657010857000046, 30.014698381000073 ], [ 116.72802290300001, 30.137600324000061 ], [ 116.81876051800009, 30.147835258000043 ], [ 116.976565064000056, 30.001033190000044 ], [ 116.921333473000118, 29.833482017000051 ], [ 116.814815404000115, 29.754738425000028 ], [ 116.85032142700004, 29.655364793000047 ], [ 116.968674838000084, 29.634792459000039 ], [ 117.185656089000076, 29.823214628000073 ], [ 117.209326771000065, 29.93267901400003 ], [ 117.264558362000116, 29.977114576000076 ], [ 117.355295976000093, 29.973697161000075 ], [ 117.497320067000032, 29.898484301000053 ], [ 117.619618591000062, 29.730760690000068 ], [ 117.702465977000088, 29.682788027000072 ], [ 118.203495413000041, 29.607356146000029 ], [ 118.290550001000042, 29.512701785000047 ], [ 118.168482529000016, 29.288937358000055 ], [ 118.168482529000016, 29.186738011000045 ], [ 118.562993895000091, 28.733690978000027 ], [ 118.590948388000015, 28.390088225000056 ] ] ] } },
{ "type": "Feature", "properties": { "province": "Hunan Province" }, "geometry": { "type": "Polygon", "coordinates": [ [ [ 112.000961291000067, 24.857424712000068 ], [ 111.698495592000086, 24.886286247000044 ], [ 111.563016981000089, 24.754874366000024 ], [ 111.523717842000053, 24.765204628000049 ], [ 111.517512715000066, 25.103746743000045 ], [ 111.454427255000041, 25.212332395000033 ], [ 111.316880268000034, 25.226366580000047 ], [ 111.104871754000044, 25.055039074000035 ], [ 111.052128171000049, 25.145881961000043 ], [ 111.066606802000081, 25.240399147000062 ], [ 111.209324729000059, 25.361012278000032 ], [ 111.255863183000088, 25.468434259000048 ], [ 111.378448785000046, 25.545239502000072 ], [ 111.406064580000077, 25.747956671000054 ], [ 111.496802194000054, 25.907752707000043 ], [ 111.51258264900008, 26.003526621000049 ], [ 111.354778102000068, 26.024799124000026 ], [ 111.299546511000074, 26.106307978000075 ], [ 111.317397362000065, 26.37501654600004 ], [ 111.289926745000059, 26.39673016200004 ], [ 111.129950809000036, 26.469079374000046 ], [ 110.932650941000077, 26.407042699000044 ], [ 110.71961480300007, 26.438839537000035 ], [ 110.380335030000083, 26.113393022000025 ], [ 110.206750028000044, 26.12401978500003 ], [ 110.159408663000079, 26.329280212000072 ], [ 110.033165027000052, 26.336351689000026 ], [ 109.934537185000067, 26.109850554000047 ], [ 109.855634913000074, 26.042523264000067 ], [ 109.737281503000077, 26.042523264000067 ], [ 109.670214570000041, 26.116935383000055 ], [ 109.538184653000087, 26.125609403000055 ], [ 109.357288155000049, 26.497464021000042 ], [ 109.483531791000075, 26.67583714500006 ], [ 109.405260736000059, 26.815631147000033 ], [ 109.575437160000035, 26.975686297000038 ], [ 109.591596345000085, 27.198680866000075 ], [ 109.42354081600007, 27.271956069000055 ], [ 109.213471404000074, 27.254719184000066 ], [ 109.035720363000053, 27.165619413000059 ], [ 108.964619946000084, 27.16993233200003 ], [ 108.912910553000074, 27.248972962000039 ], [ 109.216703241000062, 27.507258458000024 ], [ 109.350824482000064, 27.535919578000062 ], [ 109.523727766000036, 27.697714364000035 ], [ 109.54412873800004, 27.782632297000077 ], [ 109.463332809000065, 27.883107307000046 ], [ 109.410310483000046, 28.092687706000049 ], [ 109.438084083000035, 28.412954305000028 ], [ 109.337089174000084, 28.588246407000042 ], [ 109.328846206000037, 29.24048923600003 ], [ 109.534029247000035, 29.673327856000071 ], [ 110.079401759000064, 29.890275824000071 ], [ 110.336938779000036, 29.767615526000043 ], [ 110.556602706000035, 29.774190430000033 ], [ 110.70334831100007, 29.83220618100006 ], [ 110.742130355000086, 29.86584339500007 ], [ 110.73081892600004, 29.970886591000067 ], [ 110.606393198000035, 30.082810382000048 ], [ 110.601545441000042, 30.158287441000027 ], [ 110.905338130000075, 30.236498973000039 ], [ 111.340020221000088, 30.169464321000078 ], [ 111.508075751000035, 30.059037153000077 ], [ 111.949221517000069, 30.008674996000025 ], [ 112.400062794000064, 29.693333014000075 ], [ 112.679616702000089, 29.75507818400007 ], [ 112.90422938100005, 29.86584339500007 ], [ 113.027039192000075, 29.857435154000029 ], [ 113.062589399000103, 29.80977507700004 ], [ 113.067437156000096, 29.610478775000047 ], [ 113.130457980000074, 29.587998077000066 ], [ 113.25488370700009, 29.607668961000059 ], [ 113.338911473000053, 29.720000361000075 ], [ 113.643513413000051, 29.935331095000038 ], [ 113.699111353000035, 29.936478246000036 ], [ 113.724262801, 29.812509698000042 ], [ 113.813688543000012, 29.686489592000044 ], [ 113.727842870000018, 29.473497252000072 ], [ 113.740467234000107, 29.381134530000054 ], [ 113.822071120000032, 29.205061703000069 ], [ 113.875396432000116, 29.231857723000076 ], [ 114.048999257000105, 29.19659834600003 ], [ 114.238978108000083, 28.865983726000024 ], [ 114.234711072000096, 28.683951328000035 ], [ 114.313613345000022, 28.555817152000031 ], [ 114.3175584600001, 28.458746934000033 ], [ 114.096632094000029, 28.180912508000063 ], [ 113.844144819, 28.069575841000074 ], [ 113.690285388, 27.759314394000057 ], [ 113.713956069, 27.469170164000047 ], [ 113.757352320000109, 27.423656375000064 ], [ 113.863870388, 27.497169310000061 ], [ 113.938827549000052, 27.430659718000072 ], [ 113.942772662000039, 27.364110030000063 ], [ 113.859136252000098, 27.260913997000046 ], [ 113.99800425300009, 27.056483162000063 ], [ 113.917208325000047, 26.939497842000037 ], [ 113.919733198000017, 26.856184276000079 ], [ 113.990429635000055, 26.766046502000052 ], [ 114.162120981000044, 26.67583714500006 ], [ 114.149496617000068, 26.533612657000049 ], [ 114.071225562000109, 26.450001680000071 ], [ 114.02956516100005, 26.290379363000056 ], [ 114.100577209000107, 26.262079637000056 ], [ 114.254436641000098, 26.308063186000027 ], [ 114.254436641000098, 26.247927187000073 ], [ 114.116357662000041, 26.138187296000069 ], [ 114.116357662000041, 25.978703832000065 ], [ 113.978278685000078, 25.779933128000039 ], [ 114.045345616000077, 25.666199964000043 ], [ 114.043858545000035, 25.543676803000039 ], [ 113.760666216000118, 25.41460752200004 ], [ 113.551101778000088, 25.460209502000055 ], [ 113.34658708500001, 25.585525807000067 ], [ 113.278415521000056, 25.567306118000033 ], [ 113.048652102, 25.453370304000032 ], [ 113.010779011000068, 25.398642752000057 ], [ 113.066326211000046, 25.23659516500004 ], [ 112.995629774, 25.028584218000049 ], [ 112.902209483000092, 25.028584218000049 ], [ 112.664871446, 25.257148402000041 ], [ 112.288665406000064, 25.263998708000031 ], [ 112.233118207000075, 24.978242759000068 ], [ 112.177571007000097, 24.891240795000044 ], [ 112.000961291000067, 24.857424712000068 ] ] ] } },
{ "type": "Feature", "properties": { "province": "Zhejiang Province" }, "geometry": { "type": "Polygon", "coordinates": [ [ [ 120.541400082000109, 27.287413743000059 ], [ 120.411786985000049, 27.393974079000031 ], [ 120.238883699000098, 27.437007164000079 ], [ 119.897924884000076, 27.356665184000065 ], [ 119.694319145, 27.686267733000079 ], [ 119.610796356000037, 27.699949895000032 ], [ 119.507276574000116, 27.559022164000055 ], [ 119.297712135000097, 27.491850020000072 ], [ 119.047749734000035, 27.552306797000028 ], [ 118.939180208000039, 27.961190158000079 ], [ 118.845759915000031, 28.101596975000064 ], [ 118.896257370000058, 28.252941258000078 ], [ 118.820511189000058, 28.355199614000071 ], [ 118.590948388000015, 28.390088225000056 ], [ 118.562993895000091, 28.733690978000027 ], [ 118.168482529000016, 29.186738011000045 ], [ 118.168482529000016, 29.288937358000055 ], [ 118.290550001000042, 29.512701785000047 ], [ 118.313958595000031, 29.487234523000041 ], [ 118.427380612000093, 29.557394313000032 ], [ 118.550665414000036, 29.573479148000047 ], [ 118.840384698000094, 29.793048076000048 ], [ 118.846548938000069, 29.948062801000049 ], [ 118.963669500000037, 29.990783061000059 ], [ 119.006819180000093, 30.427603469000076 ], [ 119.302702704000012, 30.374436614000047 ], [ 119.462972947000026, 30.496677078000062 ], [ 119.370509346000063, 30.67179752100003 ], [ 119.635571671000093, 30.862476574000027 ], [ 119.739997318000064, 31.225060990000031 ], [ 120.030083035000075, 31.219927537000046 ], [ 120.306240992000085, 30.969937291000065 ], [ 120.42064928800005, 31.013902106000046 ], [ 120.554783152000027, 31.003758177000066 ], [ 120.602124516000117, 30.87856105000003 ], [ 120.834886222000023, 30.966554543000029 ], [ 120.877171529000066, 31.047026002000052 ], [ 121.001869017000104, 31.092953474000069 ], [ 121.111673629000052, 31.021493710000072 ], [ 121.110639440000114, 30.931051087000071 ], [ 121.15821208300008, 30.883135023000079 ], [ 121.339194961000089, 30.820985921000045 ], [ 121.418116061000092, 30.710089537000044 ], [ 121.022140425000089, 30.52455830100007 ], [ 120.980531804000066, 30.399029882000036 ], [ 120.595652065000081, 30.419962515000066 ], [ 120.38760896000008, 30.39005738000003 ], [ 120.359869881, 30.327226798000027 ], [ 120.869575482000073, 30.171472831000074 ], [ 121.230877006000014, 30.317409616000077 ], [ 121.419502752000085, 30.309746741000026 ], [ 121.683578796, 30.014271372000053 ], [ 121.77456298200002, 29.970066029000066 ], [ 121.896614934000013, 29.993132142000036 ], [ 122.009790384000098, 30.11989991300004 ], [ 122.120746705000101, 30.16595701500006 ], [ 122.411452268000062, 29.973910753000041 ], [ 122.384822749000023, 29.898911807000047 ], [ 121.983160866000048, 29.764156681000031 ], [ 121.745714338000084, 29.561683853000034 ], [ 121.881081051000024, 29.540448852000054 ], [ 122.00341039400007, 29.657547677000025 ], [ 121.97567131400001, 29.265077566000059 ], [ 121.892454072000078, 29.210616068000036 ], [ 121.885519303000024, 29.065243920000057 ], [ 121.698280509000028, 28.937874866000072 ], [ 121.677476199000012, 28.755647285000066 ], [ 121.531846027000029, 28.655286235000062 ], [ 121.615063269000075, 28.30784592200007 ], [ 121.247520454000096, 28.069467058000043 ], [ 121.296063844000059, 28.335316933000058 ], [ 121.105357666000032, 28.301740288000076 ], [ 121.02560781000011, 28.048048120000033 ], [ 120.873042868000084, 27.950078670000039 ], [ 120.6892714600001, 27.655637365000075 ], [ 120.644195454000055, 27.369639119000055 ], [ 120.541400082000109, 27.287413743000059 ] ] ] } },
{ "type": "Feature", "properties": { "province": "Shanghai Municipality" }, "geometry": { "type": "MultiPolygon", "coordinates": [ [ [ [ 122.044142460000103, 31.317851835000056 ], [ 121.988753065000083, 31.28630055800005 ], [ 121.69618343500008, 31.374860012000056 ], [ 121.598981134000041, 31.463474317000077 ], [ 122.044142460000103, 31.317851835000056 ] ] ], [ [ [ 121.418116061000092, 30.710089537000044 ], [ 121.339194961000089, 30.820985921000045 ], [ 121.15821208300008, 30.883135023000079 ], [ 121.110639440000114, 30.931051087000071 ], [ 121.111673629000052, 31.021493710000072 ], [ 121.001869017000104, 31.092953474000069 ], [ 121.201971156000013, 31.273801175000074 ], [ 121.300542189000112, 31.508298902000035 ], [ 121.374720263000086, 31.550450451000074 ], [ 121.958334389000015, 31.14976342500006 ], [ 121.895921458000089, 30.944788452000068 ], [ 121.418116061000092, 30.710089537000044 ] ] ], [ [ [ 121.984492341000077, 31.511780694000038 ], [ 121.904958849000081, 31.447586172000058 ], [ 121.760094277, 31.473027005000063 ], [ 121.409294769000098, 31.613432671000055 ], [ 121.180678968000052, 31.772484253000073 ], [ 121.216142005000052, 31.836917734000053 ], [ 121.353905375000068, 31.827264670000034 ], [ 121.856670659000088, 31.613432671000055 ], [ 121.984492341000077, 31.511780694000038 ] ] ] ] } },
{ "type": "Feature", "properties": { "province": "Chongqing Municipality" }, "geometry": { "type": "Polygon", "coordinates": [ [ [ 109.337449754000033, 28.612592041000028 ], [ 109.250572895000062, 28.576270144000034 ], [ 109.207137002000081, 28.435404383000048 ], [ 109.131641289000072, 28.356255475000069 ], [ 108.904119955000056, 28.357165568000028 ], [ 108.850342187000081, 28.578994723000051 ], [ 108.777949035000063, 28.604420709000067 ], [ 108.763470404000088, 28.488137462000054 ], [ 108.709692636000057, 28.457228158000078 ], [ 108.649515828000062, 28.591084183000078 ], [ 108.675370526000052, 28.739959780000049 ], [ 108.499235403000057, 28.775375155000063 ], [ 108.441062334000037, 28.836261481000065 ], [ 108.439446416000067, 29.031423392000079 ], [ 108.363498244000084, 29.188134289000061 ], [ 108.095255765000047, 29.19659834600003 ], [ 107.98052554700007, 29.120396704000029 ], [ 107.923968398000056, 29.13451238500005 ], [ 107.849636145000034, 29.255827168000053 ], [ 107.620175710000069, 29.348831762000032 ], [ 107.524836515000061, 29.305158338000069 ], [ 107.562002641000049, 29.113338139000064 ], [ 107.492518144000087, 28.979133439000066 ], [ 107.406874461000086, 28.949443593000069 ], [ 107.240434850000042, 29.017293581000047 ], [ 107.090154424000048, 28.997508599000071 ], [ 106.985119718000078, 28.938130937000039 ], [ 106.880085012000052, 28.71870479100005 ], [ 106.771818469000038, 28.615202195000052 ], [ 106.650624577000087, 28.690358085000071 ], [ 106.653856414000074, 28.806530743000053 ], [ 106.547205789000088, 28.897112203000063 ], [ 106.553669464000052, 28.738542916000029 ], [ 106.513271500000087, 28.67192860800003 ], [ 106.393693528000085, 28.633641644000079 ], [ 106.355214465000074, 28.902594094000051 ], [ 106.27189366600004, 29.010846213000036 ], [ 105.872963772000048, 29.099131306000061 ], [ 105.832565808000084, 29.28868790000007 ], [ 105.764394246000052, 29.398733904000039 ], [ 105.607852135000087, 29.414130857000032 ], [ 105.50938209800006, 29.480091376000075 ], [ 105.373038970000039, 29.72815704900006 ], [ 105.842665299000032, 30.052131357000064 ], [ 105.860339408000073, 30.113305166000032 ], [ 105.766919117000043, 30.272615894000069 ], [ 105.764394246000052, 30.385940122000079 ], [ 105.819941446000087, 30.46431847100007 ], [ 105.958809445000043, 30.523060884000074 ], [ 106.057279483000059, 30.527410764000024 ], [ 106.491557593000039, 30.364157187000046 ], [ 106.668298686000071, 30.46431847100007 ], [ 106.961183924000068, 30.185354263000079 ], [ 107.155599125000037, 30.170075519000079 ], [ 107.259118907000072, 30.242083133000051 ], [ 107.602975015000084, 30.61070051400003 ], [ 107.634535923000044, 30.831146428000068 ], [ 107.689767514000039, 30.898874425000031 ], [ 107.756834447000074, 30.929336406000061 ], [ 107.977760811000053, 30.905644593000034 ], [ 108.147400699000059, 30.966554543000029 ], [ 108.336766155000078, 31.358151976000045 ], [ 108.482735360000049, 31.526443700000073 ], [ 108.735222634000081, 31.704502435000052 ], [ 108.743112861000043, 31.831957259000035 ], [ 108.589253428000063, 31.949194365000039 ], [ 108.577418087000069, 31.999393118000057 ], [ 108.683936156000073, 32.139803431000075 ], [ 108.698714787000085, 32.29969266300003 ], [ 108.95614899900005, 32.119758018000027 ], [ 109.23230695400008, 32.072968266000032 ], [ 109.283593432000089, 31.905666579000069 ], [ 109.730823962000045, 31.972288990000038 ], [ 110.021329686000058, 31.919999540000049 ], [ 110.026379431000066, 31.711886186000072 ], [ 110.190496159000077, 31.597976884000047 ], [ 110.258667723000087, 31.419310475000032 ], [ 110.200595650000082, 31.24677915500007 ], [ 110.205645397000069, 31.030671031000054 ], [ 110.134948959000042, 30.959247399000049 ], [ 109.907710413000075, 30.987390365000067 ], [ 109.549178484000038, 30.720782984000039 ], [ 109.271442482000054, 30.694732870000053 ], [ 109.102276009000036, 30.720782984000039 ], [ 108.804341024000053, 30.638266830000077 ], [ 108.698296371000083, 30.670847418000051 ], [ 108.531654769000056, 30.540459231000057 ], [ 108.642749170000059, 30.381583923000051 ], [ 108.564596467000058, 29.905324184000051 ], [ 108.700209750000056, 29.958744588000059 ], [ 108.900286190000088, 29.750080342000047 ], [ 108.998756225000079, 29.747888229000068 ], [ 109.008855716000085, 29.508660946000077 ], [ 109.149459568000054, 29.318824802000051 ], [ 109.346715251000035, 29.236236752000025 ], [ 109.337449754000033, 28.612592041000028 ] ] ] } },
{ "type": "Feature", "properties": { "province": "Hubei Province" }, "geometry": { "type": "Polygon", "coordinates": [ [ [ 116.245700211000099, 29.889684718000069 ], [ 115.941768443000115, 29.722414107000077 ], [ 115.681153099000085, 29.862424128000043 ], [ 115.53843517100006, 29.834617225000045 ], [ 115.495253788000014, 29.776381967000077 ], [ 115.21751778700002, 29.734734540000034 ], [ 115.21751778700002, 29.649193533000073 ], [ 115.086224403000074, 29.642610441000045 ], [ 114.937256913000056, 29.491080625000052 ], [ 114.624172692000116, 29.438321358000053 ], [ 114.419658, 29.44711647500003 ], [ 114.285839745000089, 29.341524811000056 ], [ 114.066175817000044, 29.260056488000032 ], [ 114.048999257000105, 29.19659834600003 ], [ 113.875396432000116, 29.231857723000076 ], [ 113.846309899000062, 29.200830111000073 ], [ 113.740467234000107, 29.381134530000054 ], [ 113.727842870000018, 29.473497252000072 ], [ 113.813688543000012, 29.686489592000044 ], [ 113.724262801, 29.812509698000042 ], [ 113.699111353000035, 29.936478246000036 ], [ 113.643513413000051, 29.935331095000038 ], [ 113.338911473000053, 29.720000361000075 ], [ 113.25488370700009, 29.607668961000059 ], [ 113.130457980000074, 29.587998077000066 ], [ 113.067437156000096, 29.610478775000047 ], [ 113.062589399000103, 29.80977507700004 ], [ 113.027039192000075, 29.857435154000029 ], [ 112.90422938100005, 29.86584339500007 ], [ 112.679616702000089, 29.75507818400007 ], [ 112.400062794000064, 29.693333014000075 ], [ 111.949221517000069, 30.008674996000025 ], [ 111.508075751000035, 30.059037153000077 ], [ 111.340020221000088, 30.169464321000078 ], [ 110.905338130000075, 30.236498973000039 ], [ 110.601545441000042, 30.158287441000027 ], [ 110.606393198000035, 30.082810382000048 ], [ 110.73081892600004, 29.970886591000067 ], [ 110.742130355000086, 29.86584339500007 ], [ 110.70334831100007, 29.83220618100006 ], [ 110.556602706000035, 29.774190430000033 ], [ 110.336938779000036, 29.767615526000043 ], [ 110.079401759000064, 29.890275824000071 ], [ 109.534029247000035, 29.673327856000071 ], [ 109.328846206000037, 29.24048923600003 ], [ 109.149459568000054, 29.318824802000051 ], [ 109.008855716000085, 29.508660946000077 ], [ 108.998756225000079, 29.747888229000068 ], [ 108.900286190000088, 29.750080342000047 ], [ 108.700209750000056, 29.958744588000059 ], [ 108.564596467000058, 29.905324184000051 ], [ 108.642749170000059, 30.381583923000051 ], [ 108.531654769000056, 30.540459231000057 ], [ 108.698296371000083, 30.670847418000051 ], [ 108.804341024000053, 30.638266830000077 ], [ 109.102276009000036, 30.720782984000039 ], [ 109.271442482000054, 30.694732870000053 ], [ 109.549178484000038, 30.720782984000039 ], [ 109.907710413000075, 30.987390365000067 ], [ 110.134948959000042, 30.959247399000049 ], [ 110.205645397000069, 31.030671031000054 ], [ 110.200595650000082, 31.24677915500007 ], [ 110.256142852000039, 31.350335905000065 ], [ 110.240993614000047, 31.514067737000062 ], [ 110.190496159000077, 31.597976884000047 ], [ 110.026379431000066, 31.711886186000072 ], [ 110.021329686000058, 31.919999540000049 ], [ 109.730823962000045, 31.972288990000038 ], [ 109.772787526000059, 32.196574840000039 ], [ 109.626818320000041, 32.409984751000025 ], [ 109.685995025000068, 32.659433673000024 ], [ 110.242256051000084, 32.77892274900006 ], [ 110.250146277000056, 32.908188404000043 ], [ 110.04105525500006, 33.030650851000075 ], [ 109.867470253000079, 33.050493621000044 ], [ 109.863525140000036, 33.209074736000048 ], [ 109.638653660000045, 33.22887722300004 ], [ 109.622873207000055, 33.331118638000078 ], [ 109.725446161000036, 33.393723507000061 ], [ 109.847744685000066, 33.397017252000069 ], [ 110.498688438000045, 33.288257787000077 ], [ 110.660438099000089, 33.373340682000048 ], [ 110.882350742000085, 33.234239625000043 ], [ 111.087850026000069, 33.382128234000049 ], [ 111.220644238000034, 33.265170141000056 ], [ 111.382393898000089, 32.977714953000032 ], [ 111.496802194000054, 32.921435770000073 ], [ 111.615155604000051, 32.742429186000038 ], [ 111.800575946000038, 32.732473801000026 ], [ 111.934709809000083, 32.626213865000068 ], [ 112.416013676000034, 32.479900263000047 ], [ 112.704006974000094, 32.499866159000078 ], [ 112.834195724000097, 32.469915653000044 ], [ 113.339170273000036, 32.543110396000031 ], [ 113.56798686400009, 32.409984751000025 ], [ 113.80074857000011, 32.529806693000069 ], [ 113.891486184000087, 32.509847445000048 ], [ 113.887541071000101, 32.173202661000062 ], [ 114.120302777, 31.885569884000063 ], [ 114.325448686000072, 31.945846806000077 ], [ 114.485304693000103, 31.829946178000057 ], [ 114.624172692000116, 31.857829242000037 ], [ 114.682244765000064, 31.714034075000029 ], [ 114.836262002000012, 31.615179685000044 ], [ 115.156920841000101, 31.591525014000069 ], [ 115.23519189600006, 31.688256117000037 ], [ 115.295788842000093, 31.68181050700008 ], [ 115.379109642000117, 31.535590096000078 ], [ 115.486267823000048, 31.518355946000042 ], [ 115.67073244300002, 31.307605571000067 ], [ 115.935055059000092, 31.270520960000056 ], [ 116.108640059000095, 31.155803645000049 ], [ 116.124420514, 31.054467018000025 ], [ 115.895603923000067, 30.834533964000059 ], [ 116.033682900000031, 30.603909575000046 ], [ 116.010012219000032, 30.464590508000072 ], [ 116.136255856000048, 30.365927232000047 ], [ 116.224942011000053, 30.150427941000032 ], [ 116.245700211000099, 29.889684718000069 ] ] ] } },
{ "type": "Feature", "properties": { "province": "Sichuan Province" }, "geometry": { "type": "Polygon", "coordinates": [ [ [ 105.369458761000033, 27.865629813000055 ], [ 105.342424888000039, 28.076537770000073 ], [ 105.208291023000072, 28.194821456000057 ], [ 105.129388750000032, 28.208728595000025 ], [ 105.054431591000082, 28.170479610000029 ], [ 105.026815795000061, 28.052169047000064 ], [ 104.821669885000063, 27.975545684000053 ], [ 104.584963066000057, 27.989481258000069 ], [ 104.506060793000074, 28.031277174000024 ], [ 104.458719428000052, 28.114820309000038 ], [ 104.490280338000048, 28.316447485000026 ], [ 104.356146473000081, 28.420587786000056 ], [ 104.399542724000071, 28.704715101000033 ], [ 104.300914882000086, 28.749689138000065 ], [ 103.918238857000063, 28.701254759000051 ], [ 103.866952379000054, 28.638949034000063 ], [ 103.937964425000075, 28.465683483000078 ], [ 103.910348631000033, 28.378943931000038 ], [ 103.618410220000044, 28.32339335100005 ], [ 103.555288400000052, 28.236537438000028 ], [ 103.572804706000056, 27.907653710000034 ], [ 103.199123541000063, 27.565737121000041 ], [ 103.022382449000077, 27.489610241000037 ], [ 102.950171087000058, 26.982886593000046 ], [ 103.069749061000039, 26.831583776000059 ], [ 103.060255540000071, 26.517799029000059 ], [ 102.772420048000072, 26.332391717000064 ], [ 102.557805864000045, 26.445480437000072 ], [ 102.146251606000078, 26.194273760000044 ], [ 101.863465859000087, 26.201070285000071 ], [ 101.681675022000036, 26.323339837000049 ], [ 101.651376549000076, 26.531353700000068 ], [ 101.522608039000033, 26.63747653300004 ], [ 101.530182659000047, 26.797602874000063 ], [ 101.272645638000085, 27.049737317000051 ], [ 101.243451798000081, 27.308037135000063 ], [ 101.156659297000033, 27.406146074000048 ], [ 101.050141228000086, 27.455167921000054 ], [ 100.979129182000065, 27.672002477000035 ], [ 100.631959180000081, 27.975545684000053 ], [ 100.509660656000051, 27.961608308000052 ], [ 100.181900614000085, 28.086005269000054 ], [ 100.12382854100008, 28.386302203000071 ], [ 100.204624470000056, 28.557203221000066 ], [ 100.141502650000064, 28.617064016000029 ], [ 100.070806215000061, 28.654736654000033 ], [ 99.936987958000032, 28.637010039000074 ], [ 99.659251957000038, 28.375195183000073 ], [ 99.505234720000033, 28.359643400000039 ], [ 99.391615447000049, 28.246268822000047 ], [ 99.26789668300006, 28.412954305000028 ], [ 99.214874355000063, 28.535023912000042 ], [ 99.058332245000088, 29.723771816000067 ], [ 99.108829700000058, 30.084907747000045 ], [ 99.004097979000051, 30.196004330000051 ], [ 98.987635809000039, 30.764184206000039 ], [ 98.853817552000066, 30.911601943000051 ], [ 98.808369844000083, 31.078257055000051 ], [ 98.679601333000051, 31.212234963000071 ], [ 98.675182806000066, 31.307605571000067 ], [ 98.789591103000078, 31.314346660000069 ], [ 98.876383602000033, 31.462528452000072 ], [ 98.59233542000004, 31.677647480000076 ], [ 98.517378259000054, 31.785020647000067 ], [ 98.442421100000047, 32.109733660000074 ], [ 98.296451894000086, 32.219941017000053 ], [ 98.292506781000043, 32.386667532000047 ], [ 98.05974507500008, 32.509847445000048 ], [ 97.700739734000081, 32.57968541300005 ], [ 97.515319391000048, 32.692641141000024 ], [ 97.430435939000063, 32.832427395000025 ], [ 97.525734490000048, 32.85385347700003 ], [ 97.593906055000048, 32.934416265000038 ], [ 97.527154732000042, 33.113299561000076 ], [ 97.661288596000077, 33.275065594000068 ], [ 98.079470644000082, 33.400310871000045 ], [ 98.65940235100004, 33.380547278000051 ], [ 98.860603149000042, 33.439824577000024 ], [ 99.176212241000087, 33.284959925000067 ], [ 99.401083719000042, 33.225577120000025 ], [ 99.507601788000045, 33.232177202000059 ], [ 99.665406335000057, 33.327822397000034 ], [ 99.917893609000032, 33.334414754000079 ], [ 100.012576336000052, 33.169456317000027 ], [ 100.501770430000079, 32.765654093000023 ], [ 100.714806568000085, 32.715879020000045 ], [ 100.990964524000049, 32.745747401000074 ], [ 101.077757025000039, 32.881687723000027 ], [ 101.077757025000039, 33.093470952000075 ], [ 101.196110433000058, 33.22887722300004 ], [ 101.36969543500004, 33.311339324000073 ], [ 101.491993959000069, 33.350893462000045 ], [ 101.594566913000051, 33.331118638000078 ], [ 101.776042141000062, 33.126516148000064 ], [ 102.000913621000052, 33.298150621000048 ], [ 102.174498621000055, 33.29485313400005 ], [ 102.269181348000075, 33.209074736000048 ], [ 102.399370098000077, 33.215676062000057 ], [ 102.426985895000087, 33.406897737000065 ], [ 102.497997941000051, 33.505640775000074 ], [ 102.494052827000075, 33.643691937000028 ], [ 102.375699417000078, 33.679811692000044 ], [ 102.277544990000081, 34.031542827000067 ], [ 102.426512481000032, 34.134010249000028 ], [ 103.042581431000087, 34.323977564000074 ], [ 103.199123541000063, 34.246789805000049 ], [ 103.181449430000043, 34.002243656000076 ], [ 103.272344850000081, 33.836723251000024 ], [ 103.466760051000051, 33.801062916000035 ], [ 103.545031106000067, 33.614128135000044 ], [ 103.903563035000047, 33.340347448000045 ], [ 104.075254381000036, 33.327690545000053 ], [ 104.239371110000036, 33.462602636000042 ], [ 104.30249292700006, 33.460496246000048 ], [ 104.489333511000041, 33.13550229100008 ], [ 104.474184275000084, 32.949248785000066 ], [ 104.671124347000045, 32.771094481000034 ], [ 104.903412639000067, 32.754108753000025 ], [ 105.19882275100008, 32.654252196000073 ], [ 105.491707990000066, 32.758355490000042 ], [ 105.481608498000071, 32.923820085000045 ], [ 105.577553662000071, 32.997966685000051 ], [ 106.127502506000042, 32.971095733000027 ], [ 106.186679210000079, 32.75570130400007 ], [ 106.328703302000065, 32.712559694000049 ], [ 106.884964328000081, 32.83197758600005 ], [ 107.117726035000032, 32.822032216000025 ], [ 107.228189217000079, 32.583009675000028 ], [ 107.421499785000037, 32.576361028000065 ], [ 107.46884115000006, 32.612922488000038 ], [ 107.599029900000062, 32.509847445000048 ], [ 107.76077956000006, 32.486556054000062 ], [ 108.076388654000084, 32.273326869000073 ], [ 108.403833085000088, 32.37667259400007 ], [ 108.593198542000039, 32.373340703000054 ], [ 108.698714787000085, 32.29969266300003 ], [ 108.683936156000073, 32.139803431000075 ], [ 108.577418087000069, 31.999393118000057 ], [ 108.589253428000063, 31.949194365000039 ], [ 108.743112861000043, 31.831957259000035 ], [ 108.735222634000081, 31.704502435000052 ], [ 108.482735360000049, 31.526443700000073 ], [ 108.336766155000078, 31.358151976000045 ], [ 108.147400699000059, 30.966554543000029 ], [ 107.977760811000053, 30.905644593000034 ], [ 107.756834447000074, 30.929336406000061 ], [ 107.689767514000039, 30.898874425000031 ], [ 107.634535923000044, 30.831146428000068 ], [ 107.602975015000084, 30.61070051400003 ], [ 107.155599125000037, 30.170075519000079 ], [ 106.961183924000068, 30.185354263000079 ], [ 106.668298686000071, 30.46431847100007 ], [ 106.491557593000039, 30.364157187000046 ], [ 106.057279483000059, 30.527410764000024 ], [ 105.819941446000087, 30.46431847100007 ], [ 105.754294753000067, 30.335832118000042 ], [ 105.860339408000073, 30.113305166000032 ], [ 105.842665299000032, 30.052131357000064 ], [ 105.373038970000039, 29.72815704900006 ], [ 105.50938209800006, 29.480091376000075 ], [ 105.607852135000087, 29.414130857000032 ], [ 105.764394246000052, 29.398733904000039 ], [ 105.832565808000084, 29.28868790000007 ], [ 105.872963772000048, 29.099131306000061 ], [ 106.203722102000086, 29.039547158000062 ], [ 106.355214465000074, 28.902594094000051 ], [ 106.36783882900005, 28.66581426700003 ], [ 106.097677446000034, 28.862799607000056 ], [ 106.024456136000083, 28.858377056000052 ], [ 105.958809445000043, 28.752179441000067 ], [ 105.761869373000081, 28.659167840000066 ], [ 105.741670391000071, 28.56829112500003 ], [ 105.766919117000043, 28.475116458000059 ], [ 105.870438899000078, 28.408512753000025 ], [ 106.287042901000063, 28.266284877000032 ], [ 106.324915994000037, 28.068183402000045 ], [ 106.38803781200005, 27.965650332000052 ], [ 106.329965739000045, 27.903191141000036 ], [ 105.771968864000087, 27.809434727000053 ], [ 105.615426754000055, 27.892033917000049 ], [ 105.369458761000033, 27.865629813000055 ] ] ] } },
{ "type": "Feature", "properties": { "province": "Anhui Province" }, "geometry": { "type": "Polygon", "coordinates": [ [ [ 118.290550001000042, 29.512701785000047 ], [ 118.203495413000041, 29.607356146000029 ], [ 118.089087117000076, 29.641650371000026 ], [ 117.702465977000088, 29.682788027000072 ], [ 117.619618591000062, 29.730760690000068 ], [ 117.497320067000032, 29.898484301000053 ], [ 117.355295976000093, 29.973697161000075 ], [ 117.264558362000116, 29.977114576000076 ], [ 117.209326771000065, 29.93267901400003 ], [ 117.185656089000076, 29.823214628000073 ], [ 116.968674838000084, 29.634792459000039 ], [ 116.85032142700004, 29.655364793000047 ], [ 116.814815404000115, 29.754738425000028 ], [ 116.921333473000118, 29.833482017000051 ], [ 116.976565064000056, 30.001033190000044 ], [ 116.81876051800009, 30.147835258000043 ], [ 116.72802290300001, 30.137600324000061 ], [ 116.657010857000046, 30.014698381000073 ], [ 116.246719038000037, 29.881382543000029 ], [ 116.224942011000053, 30.150427941000032 ], [ 116.136255856000048, 30.365927232000047 ], [ 116.010012219000032, 30.464590508000072 ], [ 116.033682900000031, 30.603909575000046 ], [ 115.895603923000067, 30.834533964000059 ], [ 116.124420514, 31.054467018000025 ], [ 116.108640059000095, 31.155803645000049 ], [ 115.935055059000092, 31.270520960000056 ], [ 115.67073244300002, 31.307605571000067 ], [ 115.486267823000048, 31.518355946000042 ], [ 115.512927896000065, 31.514067737000062 ], [ 115.586149207000062, 31.795616995000046 ], [ 115.783089280000013, 31.898566249000055 ], [ 115.974979610000105, 31.924285600000076 ], [ 116.08102426500011, 32.266521918000024 ], [ 115.990128845000072, 32.486156720000054 ], [ 116.017902445000118, 32.656377966000036 ], [ 115.86893495400011, 32.603218537000032 ], [ 115.790663899000037, 32.511710495000045 ], [ 115.646746153000095, 32.532999762000031 ], [ 115.533126879000065, 32.686133450000057 ], [ 115.341236551000065, 32.70100747400005 ], [ 115.300838587000044, 32.826275711000051 ], [ 115.343761424000036, 32.936535349000053 ], [ 115.227617278000025, 33.031841543000041 ], [ 115.048351312000023, 33.059355281000023 ], [ 115.000378731000069, 33.129159227000059 ], [ 115.03825182300011, 33.205245737000041 ], [ 115.278114733000052, 33.203133115000071 ], [ 115.411932988000103, 33.29181933600006 ], [ 115.42708222400006, 33.48787532800003 ], [ 115.487679170000092, 33.630947898000045 ], [ 115.735116699000059, 33.693992756000057 ], [ 115.757840553000051, 33.784276438000063 ], [ 115.712392844000078, 33.968746509000027 ], [ 115.745216190000065, 34.094292701000029 ], [ 115.823487244000034, 34.161174663000054 ], [ 116.053250665000064, 34.12565021000006 ], [ 116.235041502000058, 33.884945911000045 ], [ 116.318362302000082, 33.830431330000067 ], [ 116.507727758000101, 33.893329680000079 ], [ 116.732441430000108, 34.05037266800008 ], [ 116.654170377000014, 34.357334091000041 ], [ 116.376434375000031, 34.480221543000027 ], [ 116.288063828000077, 34.57382777600003 ], [ 116.269665101000101, 34.706579856000076 ], [ 116.456451252000079, 34.732201838000037 ], [ 116.70086234300004, 34.571695559000034 ], [ 117.058691347000035, 34.477970371000026 ], [ 117.063603740000076, 34.306543503000057 ], [ 117.220347840000045, 34.128827122000075 ], [ 117.461119704000112, 34.127489489000027 ], [ 117.740673613000013, 34.06325823700007 ], [ 117.837628728000027, 33.950736339000059 ], [ 117.884490365000033, 33.812559754000063 ], [ 118.231912854000029, 33.83001185300003 ], [ 118.211385639000014, 33.61741350300008 ], [ 118.096977343000049, 33.37725290800006 ], [ 118.112757799000065, 33.304745223000054 ], [ 118.294233027000018, 33.248675228000025 ], [ 118.416531549000069, 32.911500431000036 ], [ 118.550665414000036, 32.825347463000071 ], [ 118.834713598, 32.828662587000053 ], [ 118.905725642000107, 33.027343287000065 ], [ 119.020133939000061, 33.037265604000027 ], [ 119.158212916000025, 32.941303103000052 ], [ 119.193718939000064, 32.861807011000053 ], [ 119.229224962000103, 32.662754975000041 ], [ 119.146377577000067, 32.589657831000068 ], [ 118.984627917000012, 32.662754975000041 ], [ 118.759756437000078, 32.662754975000041 ], [ 118.743975984000031, 32.586333814000056 ], [ 118.830768483000043, 32.423306172000025 ], [ 118.712415074000091, 32.266655355000069 ], [ 118.491488710000112, 32.116416688000072 ], [ 118.61378723200005, 31.898968169000057 ], [ 118.799207575000082, 31.79508050000004 ], [ 118.842603824000093, 31.731349618000024 ], [ 118.988573030000111, 31.68436194800006 ], [ 118.960957233000045, 31.496173501000044 ], [ 118.901780529, 31.432237567000072 ], [ 118.941231665000032, 31.341306191000058 ], [ 119.126652009000054, 31.300863999000057 ], [ 119.323907691000045, 31.358151976000045 ], [ 119.739997318000064, 31.225060990000031 ], [ 119.635571671000093, 30.862476574000027 ], [ 119.370509346000063, 30.67179752100003 ], [ 119.462972947000026, 30.496677078000062 ], [ 119.302702704000012, 30.374436614000047 ], [ 119.006819180000093, 30.427603469000076 ], [ 118.963669500000037, 29.990783061000059 ], [ 118.846548938000069, 29.948062801000049 ], [ 118.840384698000094, 29.793048076000048 ], [ 118.550665414000036, 29.573479148000047 ], [ 118.427380612000093, 29.557394313000032 ], [ 118.313958595000031, 29.487234523000041 ], [ 118.290550001000042, 29.512701785000047 ] ] ] } },
{ "type": "Feature", "properties": { "province": "Jiangsu Province" }, "geometry": { "type": "Polygon", "coordinates": [ [ [ 121.001869017000104, 31.092953474000069 ], [ 120.877171529000066, 31.047026002000052 ], [ 120.834886222000023, 30.966554543000029 ], [ 120.602124516000117, 30.87856105000003 ], [ 120.554783152000027, 31.003758177000066 ], [ 120.42064928800005, 31.013902106000046 ], [ 120.306240992000085, 30.969937291000065 ], [ 120.030083035000075, 31.219927537000046 ], [ 119.79337621500008, 31.213179699000079 ], [ 119.323907691000045, 31.358151976000045 ], [ 119.126652009000054, 31.300863999000057 ], [ 118.941231665000032, 31.341306191000058 ], [ 118.901780529, 31.432237567000072 ], [ 118.960957233000045, 31.496173501000044 ], [ 118.988573030000111, 31.68436194800006 ], [ 118.842603824000093, 31.731349618000024 ], [ 118.799207575000082, 31.79508050000004 ], [ 118.61378723200005, 31.898968169000057 ], [ 118.491488710000112, 32.116416688000072 ], [ 118.712415074000091, 32.266655355000069 ], [ 118.830768483000043, 32.423306172000025 ], [ 118.743975984000031, 32.586333814000056 ], [ 118.759756437000078, 32.662754975000041 ], [ 118.984627917000012, 32.662754975000041 ], [ 119.146377577000067, 32.589657831000068 ], [ 119.229224962000103, 32.662754975000041 ], [ 119.158212916000025, 32.941303103000052 ], [ 119.020133939000061, 33.037265604000027 ], [ 118.905725642000107, 33.027343287000065 ], [ 118.834713598, 32.828662587000053 ], [ 118.550665414000036, 32.825347463000071 ], [ 118.416531549000069, 32.911500431000036 ], [ 118.294233027000018, 33.248675228000025 ], [ 118.112757799000065, 33.304745223000054 ], [ 118.096977343000049, 33.37725290800006 ], [ 118.211385639000014, 33.61741350300008 ], [ 118.231912854000029, 33.83001185300003 ], [ 117.884490365000033, 33.812559754000063 ], [ 117.837628728000027, 33.950736339000059 ], [ 117.740673613000013, 34.06325823700007 ], [ 117.461119704000112, 34.127489489000027 ], [ 117.220347840000045, 34.128827122000075 ], [ 117.063603740000076, 34.306543503000057 ], [ 117.058691347000035, 34.477970371000026 ], [ 116.70086234300004, 34.571695559000034 ], [ 116.456451252000079, 34.732201838000037 ], [ 116.518007244000046, 34.759342262000075 ], [ 116.580420175000086, 34.998281247000079 ], [ 116.854343594000056, 35.060745637000025 ], [ 117.020778076000056, 35.052230577000046 ], [ 117.284299341000064, 34.608226177000063 ], [ 117.485407674000044, 34.659579548000067 ], [ 117.658776925000097, 34.573972940000033 ], [ 117.891091723000045, 34.63390683700004 ], [ 117.970841580000069, 34.750795888000027 ], [ 118.085265287000084, 34.767887752000036 ], [ 118.27250408000009, 34.67098709000004 ], [ 118.293308391000096, 34.513995805000036 ], [ 118.497884109000097, 34.545417789000055 ], [ 118.605373045000078, 34.728001232000054 ], [ 118.823818302000063, 34.807755005000047 ], [ 118.965981090000014, 35.089122757000041 ], [ 119.063067871000044, 35.174194882000052 ], [ 119.442130428000041, 35.186350823000055 ], [ 119.25030666300006, 35.080610657000079 ], [ 119.236437125000066, 34.833373775000041 ], [ 119.475686692000068, 34.770736052000075 ], [ 119.590110399000082, 34.608226177000063 ], [ 120.332130800000073, 34.26505923600007 ], [ 120.966662265000082, 32.878400465000027 ], [ 120.893847178000101, 32.665570201000037 ], [ 121.420889706000025, 32.408332446000031 ], [ 121.46596571200007, 32.185580752000078 ], [ 121.73295436, 32.085751664000043 ], [ 121.97567131400001, 31.770872127000075 ], [ 121.982606084000054, 31.632220281000059 ], [ 121.348074620000034, 31.850429385000041 ], [ 121.216313987000035, 31.865154689000065 ], [ 121.133096747000081, 31.82097172400006 ], [ 121.015205655000045, 31.823917913000059 ], [ 120.925053643000069, 31.941688338000063 ], [ 120.606054219000043, 32.100439262000066 ], [ 120.436152352000022, 32.076937969000028 ], [ 120.297456949000093, 32.006397844000048 ], [ 120.356402496000101, 31.929918074000057 ], [ 120.508967437000024, 32.003457492000052 ], [ 120.796760397000071, 31.924032376000071 ], [ 120.869575482000073, 31.806239368000035 ], [ 121.374720263000086, 31.550450451000074 ], [ 121.300542189000112, 31.508298902000035 ], [ 121.201971156000013, 31.273801175000074 ], [ 121.001869017000104, 31.092953474000069 ] ] ] } },
{ "type": "Feature", "properties": { "province": "Henan Province" }, "geometry": { "type": "Polygon", "coordinates": [ [ [ 115.486267823000048, 31.518355946000042 ], [ 115.379109642000117, 31.535590096000078 ], [ 115.295788842000093, 31.68181050700008 ], [ 115.23519189600006, 31.688256117000037 ], [ 115.156920841000101, 31.591525014000069 ], [ 114.836262002000012, 31.615179685000044 ], [ 114.682244765000064, 31.714034075000029 ], [ 114.624172692000116, 31.857829242000037 ], [ 114.485304693000103, 31.829946178000057 ], [ 114.325448686000072, 31.945846806000077 ], [ 114.120302777, 31.885569884000063 ], [ 113.887541071000101, 32.173202661000062 ], [ 113.891486184000087, 32.509847445000048 ], [ 113.80074857000011, 32.529806693000069 ], [ 113.56798686400009, 32.409984751000025 ], [ 113.339170273000036, 32.543110396000031 ], [ 112.834195724000097, 32.469915653000044 ], [ 112.704006974000094, 32.499866159000078 ], [ 112.416013676000034, 32.479900263000047 ], [ 111.934709809000083, 32.626213865000068 ], [ 111.800575946000038, 32.732473801000026 ], [ 111.615155604000051, 32.742429186000038 ], [ 111.496802194000054, 32.921435770000073 ], [ 111.382393898000089, 32.977714953000032 ], [ 111.220644238000034, 33.265170141000056 ], [ 111.087850026000069, 33.382128234000049 ], [ 111.116591865000089, 33.650876052000058 ], [ 110.931664663000049, 33.779062780000061 ], [ 110.863858021000055, 33.937748261000024 ], [ 110.722080499000072, 34.019534987000043 ], [ 110.715916259000039, 34.30516795300008 ], [ 110.54948177700004, 34.356072061000077 ], [ 110.549836048000088, 34.481220564000068 ], [ 110.438337668000088, 34.585053453000057 ], [ 110.439703390000034, 34.719869134000078 ], [ 110.845365301000072, 34.728001232000054 ], [ 111.036071479000043, 34.853293976000032 ], [ 111.282255817000078, 34.915868924000051 ], [ 111.549244466000061, 34.930083858000046 ], [ 111.920254666000062, 35.179863196000042 ], [ 112.142817445000105, 35.190313115000038 ], [ 112.196995335000111, 35.287662929000078 ], [ 112.305351119000079, 35.35397077600004 ], [ 112.635836256000061, 35.30535033700005 ], [ 112.74419203900004, 35.38047868600006 ], [ 113.015081496000107, 35.362807714000041 ], [ 113.665216193000106, 35.697893714000031 ], [ 113.813192447, 36.46220698500008 ], [ 114.136563849000026, 36.451060278000057 ], [ 114.244919632, 36.372578822000037 ], [ 114.569986981000056, 36.337672730000065 ], [ 114.651253817000111, 36.267813605000072 ], [ 114.770445178000045, 36.245969798000033 ], [ 114.889636540000083, 36.311482891000026 ], [ 115.111765895000076, 36.202263864000031 ], [ 115.295970726000064, 36.289651303000028 ], [ 115.549446464000084, 36.220232033000059 ], [ 115.547694211000021, 36.139613452000049 ], [ 115.44783352200011, 36.075070349000043 ], [ 115.476682167000035, 35.918872394000061 ], [ 116.155734854000116, 36.19335884700007 ], [ 116.162392233000105, 36.105555646000028 ], [ 115.42120400400006, 35.665067874000044 ], [ 115.374602350000032, 35.545987499000034 ], [ 115.166004465000015, 35.43757892800005 ], [ 115.09499241900005, 35.332645032000073 ], [ 114.948530074000018, 35.236637878000067 ], [ 114.977378719000058, 35.16047592700005 ], [ 115.272522534000018, 35.073346297000057 ], [ 115.44561439600011, 34.940658170000063 ], [ 115.554351592000103, 34.911547097000039 ], [ 115.547694211000021, 34.767659884000068 ], [ 115.696375683000042, 34.674637171000029 ], [ 115.829523268000116, 34.718425602000025 ], [ 116.269665101000101, 34.706579856000076 ], [ 116.288063828000077, 34.57382777600003 ], [ 116.376434375000031, 34.480221543000027 ], [ 116.654170377000014, 34.357334091000041 ], [ 116.732441430000108, 34.05037266800008 ], [ 116.507727758000101, 33.893329680000079 ], [ 116.318362302000082, 33.830431330000067 ], [ 116.235041502000058, 33.884945911000045 ], [ 116.053250665000064, 34.12565021000006 ], [ 115.823487244000034, 34.161174663000054 ], [ 115.745216190000065, 34.094292701000029 ], [ 115.712392844000078, 33.968746509000027 ], [ 115.757840553000051, 33.784276438000063 ], [ 115.735116699000059, 33.693992756000057 ], [ 115.487679170000092, 33.630947898000045 ], [ 115.42708222400006, 33.48787532800003 ], [ 115.411932988000103, 33.29181933600006 ], [ 115.278114733000052, 33.203133115000071 ], [ 115.03825182300011, 33.205245737000041 ], [ 115.000378731000069, 33.129159227000059 ], [ 115.048351312000023, 33.059355281000023 ], [ 115.227617278000025, 33.031841543000041 ], [ 115.343761424000036, 32.936535349000053 ], [ 115.300838587000044, 32.826275711000051 ], [ 115.341236551000065, 32.70100747400005 ], [ 115.533126879000065, 32.686133450000057 ], [ 115.646746153000095, 32.532999762000031 ], [ 115.790663899000037, 32.511710495000045 ], [ 115.86893495400011, 32.603218537000032 ], [ 116.017902445000118, 32.656377966000036 ], [ 115.990128845000072, 32.486156720000054 ], [ 116.08102426500011, 32.266521918000024 ], [ 115.974979610000105, 31.924285600000076 ], [ 115.783089280000013, 31.898566249000055 ], [ 115.586149207000062, 31.795616995000046 ], [ 115.512927896000065, 31.514067737000062 ], [ 115.486267823000048, 31.518355946000042 ] ] ] } },
{ "type": "Feature", "properties": { "province": "Tibet Autonomous Region" }, "geometry": { "type": "Polygon", "coordinates": [ [ [ 99.121454064000034, 29.340099191000036 ], [ 98.981475118000048, 29.317839646000039 ], [ 98.931381644000055, 29.272743395000077 ], [ 98.936229399000069, 29.131689405000031 ], [ 98.829578775000073, 29.015880494000044 ], [ 98.674450593000074, 28.970651495000027 ], [ 98.674450593000074, 28.383725478000031 ], [ 98.50639506300007, 28.306928135000078 ], [ 98.36904198600007, 28.37661694600007 ], [ 98.154365706000078, 28.213301262000073 ], [ 98.03489452000008, 28.338750310000023 ], [ 97.894032002000074, 28.333981700000038 ], [ 97.758587273000046, 28.495994207000024 ], [ 97.655649279000045, 28.495994207000024 ], [ 97.352253087000065, 28.276741702000038 ], [ 97.417266558000051, 28.06181792700005 ], [ 97.287239618000058, 27.745818017000033 ], [ 96.929665535000083, 27.870412975000079 ], [ 96.604598185000043, 28.076159601000029 ], [ 96.344544308000081, 28.176497668000025 ], [ 96.084490429000084, 28.181273329000078 ], [ 95.867778863000069, 28.286283840000067 ], [ 95.336835527000062, 28.047474340000065 ], [ 95.136377328000037, 27.870412975000079 ], [ 94.854652294000061, 27.721841077000079 ], [ 94.257395219000045, 27.557313303000058 ], [ 93.848243783000044, 27.178561663000039 ], [ 93.73382007500004, 27.011872261000065 ], [ 93.088886457000058, 26.903700528000059 ], [ 92.787223958000084, 26.953163350000068 ], [ 92.131888182000068, 26.888238949000026 ], [ 92.017464475000054, 27.107594661000064 ], [ 92.124953413000071, 27.280305078000026 ], [ 92.020931861000065, 27.440439034000065 ], [ 92.060088932000042, 27.702655726000046 ], [ 91.543705905000081, 27.815021806000061 ], [ 91.340538812000034, 27.979615214000034 ], [ 90.883412853000038, 27.949707767000064 ], [ 90.680245761000037, 27.979615214000034 ], [ 90.409356302000049, 28.211116366000056 ], [ 89.977626230000055, 28.270777430000066 ], [ 89.528965568000046, 27.994565829000067 ], [ 88.936394881000069, 27.35734552200006 ], [ 88.834811333000061, 27.477576400000032 ], [ 88.910998994000067, 27.934750936000057 ], [ 88.690901309000083, 28.069287788000054 ], [ 87.759718801000076, 27.755107663000047 ], [ 87.514225229000033, 27.844966490000047 ], [ 87.319523433000086, 27.747616075000053 ], [ 86.700879635000035, 28.033128839000028 ], [ 86.500421436000067, 27.870412975000079 ], [ 86.35955892000004, 27.860833824000053 ], [ 86.169936299000085, 28.004432100000031 ], [ 86.001984836000076, 27.875202234000028 ], [ 85.920717999000033, 28.052255749000039 ], [ 85.568561705000036, 28.233791502000031 ], [ 85.265165513000056, 28.209922806000066 ], [ 85.135138572000074, 28.43884163000007 ], [ 85.173063097000068, 28.562633117000075 ], [ 85.091796260000081, 28.600693567000064 ], [ 84.91300921800007, 28.524558899000056 ], [ 84.604195236000066, 28.667266189000031 ], [ 84.19244326300003, 28.729045782000071 ], [ 84.15993652800006, 29.080017656000052 ], [ 84.078669690000083, 29.226692788000037 ], [ 83.932389384000032, 29.255057313000066 ], [ 83.807780233000074, 29.032658457000025 ], [ 83.699424450000038, 28.990016590000039 ], [ 83.433952783000052, 29.184131266000065 ], [ 83.368939313000055, 29.41092151600003 ], [ 82.989694073000067, 29.660749100000032 ], [ 82.843413767000072, 29.674871809000024 ], [ 82.615866623000045, 29.924045455000055 ], [ 82.415408424000077, 29.928740876000063 ], [ 82.17160791200007, 30.111689238000054 ], [ 81.771341651000057, 30.195451045000027 ], [ 81.691591795000079, 30.336205066000048 ], [ 81.258168664000038, 29.919349814000043 ], [ 81.088266796000084, 30.162479495000071 ], [ 80.207550993000041, 30.602185237000072 ], [ 80.113931596000043, 30.787044628000046 ], [ 79.864279873000044, 30.900170314000036 ], [ 79.590356454000073, 30.888268629000038 ], [ 79.361509041000033, 31.02504861400007 ], [ 79.080650852000076, 31.001274864000038 ], [ 78.851803438000047, 31.259495485000059 ], [ 78.789390508000054, 31.425333978000026 ], [ 78.837933898000074, 31.584972402000062 ], [ 78.765118813000072, 31.744337820000055 ], [ 78.75818404100005, 31.888710282000034 ], [ 78.518934474000048, 32.03873548100006 ], [ 78.546673554000051, 32.320469547000073 ], [ 78.466923697000084, 32.513655117000042 ], [ 78.768586196000058, 32.613013354000032 ], [ 78.827531743000065, 32.428821497000058 ], [ 79.000900996000041, 32.33804895600008 ], [ 79.306030881000083, 32.510731150000026 ], [ 79.29909611000005, 32.721013360000029 ], [ 79.163868093000076, 33.055854019000037 ], [ 79.240583988000083, 33.164585799000065 ], [ 79.06721473500005, 33.255243766000035 ], [ 78.88842769300004, 33.431756406000034 ], [ 78.872174326000049, 33.716134994000072 ], [ 78.736729597000078, 34.048967719000075 ], [ 78.975112319000061, 34.12973048200007 ], [ 79.029290209000067, 34.223856266000041 ], [ 78.983566923000069, 34.355753483000058 ], [ 79.097597310000083, 34.406594068000061 ], [ 79.477338170000053, 34.462570191000054 ], [ 79.773051266000039, 34.406594068000061 ], [ 79.94272271400007, 34.66882389400007 ], [ 79.853203411000038, 34.914337604000025 ], [ 80.01668783100007, 34.976729835000071 ], [ 79.986352514000032, 35.085082599000032 ], [ 80.205406434000054, 35.340467833000048 ], [ 80.266423519000057, 35.509856862000049 ], [ 80.445273384000075, 35.417621933000078 ], [ 80.984990181000057, 35.306927087000076 ], [ 81.148197954000068, 35.368882192000058 ], [ 81.440679213000067, 35.322749928000064 ], [ 81.599039232000052, 35.16702430600003 ], [ 81.896303608000039, 35.252684018000025 ], [ 82.006961710000041, 35.528375316000051 ], [ 82.295500129000061, 35.72172133600003 ], [ 82.437183867000044, 35.736833029000024 ], [ 82.610927430000061, 35.674688852000031 ], [ 82.910841914000059, 35.717523135000079 ], [ 83.062867532000041, 35.668807842000035 ], [ 83.274876046000031, 35.684769577000054 ], [ 83.70865580800006, 35.475771743000053 ], [ 84.061437975000047, 35.491401497000027 ], [ 84.203742226000031, 35.43479658900003 ], [ 85.152444131000038, 35.78681759300008 ], [ 85.57904663100004, 35.748794418000045 ], [ 86.28358711900006, 36.185613820000071 ], [ 87.240210904000037, 36.345868719000066 ], [ 87.45189623400006, 36.504495605000045 ], [ 87.834868933000052, 36.546048983000048 ], [ 88.245312244000047, 36.52787212700008 ], [ 89.323129919000053, 36.228641310000057 ], [ 89.820248373000084, 36.299024618000033 ], [ 89.841839777000075, 36.150391919000072 ], [ 89.571981378000032, 36.01980263400003 ], [ 89.592988319000085, 35.932186522000052 ], [ 89.887085496000054, 35.868047520000061 ], [ 89.916172030000041, 35.629362370000024 ], [ 89.780434871000068, 35.329341863000025 ], [ 89.727109559000041, 35.044080840000049 ], [ 89.820832836000079, 34.946122460000026 ], [ 89.767507523000063, 34.781713377000074 ], [ 89.50411279900004, 34.73790400300004 ], [ 89.466946671000073, 34.615646115000061 ], [ 89.507344636000084, 34.52383433600005 ], [ 89.58167688900005, 34.481220564000068 ], [ 89.559054030000084, 34.297199358000057 ], [ 89.589756482000041, 34.222408789000042 ], [ 89.807198523000068, 33.99177721600006 ], [ 89.953641142000038, 33.901712626000062 ], [ 90.009188341000083, 33.717097626000054 ], [ 90.289449216000037, 33.433108516000061 ], [ 90.451041070000031, 33.137616544000025 ], [ 90.986314092000043, 33.139730746000055 ], [ 91.054485656000054, 33.093206541000029 ], [ 91.44079118500008, 33.046657700000026 ], [ 91.516537368000058, 33.002201754000055 ], [ 91.806897732000039, 32.993731413000035 ], [ 92.327021517000048, 32.713754665000067 ], [ 92.826946321000037, 32.722251781000068 ], [ 92.975913811000055, 32.632991708000077 ], [ 93.134980794000057, 32.645748608000076 ], [ 93.528860942000051, 32.550027541000077 ], [ 94.167653745000052, 32.605345519000025 ], [ 94.726124034000065, 32.592981723000037 ], [ 94.911544378000087, 32.509847445000048 ], [ 94.994391763000067, 32.396661362000032 ], [ 95.167976765000049, 32.273326869000073 ], [ 95.459915175000049, 32.189897687000041 ], [ 95.507256540000071, 31.992701538000063 ], [ 95.605884381000067, 31.855416618000049 ], [ 95.803140064000047, 31.855416618000049 ], [ 96.059572451000065, 31.727994145000025 ], [ 96.158200294000039, 31.727994145000025 ], [ 96.316004839000072, 31.815196920000062 ], [ 96.461974044000044, 31.805139258000054 ], [ 96.651339501000052, 31.711214959000074 ], [ 96.773638022000057, 31.768251793000047 ], [ 97.136904090000087, 32.255846458000065 ], [ 97.131854343000043, 32.345481286000052 ], [ 97.237898998000048, 32.545770900000036 ], [ 97.25052336300007, 32.645748608000076 ], [ 97.189926416000048, 32.720127578000074 ], [ 97.210125398000059, 32.781708916000071 ], [ 97.430435939000063, 32.832427395000025 ], [ 97.515319391000048, 32.692641141000024 ], [ 97.700739734000081, 32.57968541300005 ], [ 98.05974507500008, 32.509847445000048 ], [ 98.292506781000043, 32.386667532000047 ], [ 98.296451894000086, 32.219941017000053 ], [ 98.442421100000047, 32.109733660000074 ], [ 98.517378259000054, 31.785020647000067 ], [ 98.59233542000004, 31.677647480000076 ], [ 98.876383602000033, 31.462528452000072 ], [ 98.789591103000078, 31.314346660000069 ], [ 98.675182806000066, 31.307605571000067 ], [ 98.679601333000051, 31.212234963000071 ], [ 98.808369844000083, 31.078257055000051 ], [ 98.853817552000066, 30.911601943000051 ], [ 98.987635809000039, 30.764184206000039 ], [ 99.004097979000051, 30.196004330000051 ], [ 99.108829700000058, 30.084907747000045 ], [ 99.058332245000088, 29.723771816000067 ], [ 99.121454064000034, 29.340099191000036 ] ] ] } },
{ "type": "Feature", "properties": { "province": "Shandong Province" }, "geometry": { "type": "Polygon", "coordinates": [ [ [ 116.456451252000079, 34.732201838000037 ], [ 116.375844456000095, 34.696648315000061 ], [ 115.829523268000116, 34.718425602000025 ], [ 115.696375683000042, 34.674637171000029 ], [ 115.547694211000021, 34.767659884000068 ], [ 115.554351592000103, 34.911547097000039 ], [ 115.44561439600011, 34.940658170000063 ], [ 115.272522534000018, 35.073346297000057 ], [ 114.977378719000058, 35.16047592700005 ], [ 114.948530074000018, 35.236637878000067 ], [ 115.09499241900005, 35.332645032000073 ], [ 115.166004465000015, 35.43757892800005 ], [ 115.374602350000032, 35.545987499000034 ], [ 115.42120400400006, 35.665067874000044 ], [ 116.162392233000105, 36.105555646000028 ], [ 116.155734854000116, 36.19335884700007 ], [ 115.476682167000035, 35.918872394000061 ], [ 115.44783352200011, 36.075070349000043 ], [ 115.547694211000021, 36.139613452000049 ], [ 115.549446464000084, 36.220232033000059 ], [ 115.58311355, 36.211007005000056 ], [ 115.610202496000056, 36.307117063000078 ], [ 115.431415454000103, 36.52075497900006 ], [ 115.469339977000118, 36.738146447000076 ], [ 115.778153959000065, 36.924612147000062 ], [ 116.135728042000096, 37.451175186000057 ], [ 116.298261717000059, 37.47697691500008 ], [ 116.433706446000087, 37.708791481000048 ], [ 116.547480017000112, 37.657339549000028 ], [ 116.942978624000034, 37.918516211000053 ], [ 117.23012144900008, 37.956972290000067 ], [ 117.511846485000092, 37.935610286000042 ], [ 117.582277744000066, 37.991138578000061 ], [ 117.603948899000102, 38.136167798000031 ], [ 117.793571520000114, 38.165991061000057 ], [ 117.883276169000055, 38.303390748000027 ], [ 118.134892235000052, 38.102069141000072 ], [ 118.470795162000059, 38.183027448000075 ], [ 118.671253361000026, 38.016752856000039 ], [ 118.89338271500003, 37.969786512000042 ], [ 119.034245233000092, 37.764490790000025 ], [ 119.012574077000068, 37.322033041000054 ], [ 119.659458100000052, 37.13654169800003 ], [ 119.926446748000103, 37.271866013000079 ], [ 119.954185830000029, 37.420717696000054 ], [ 120.241978788000097, 37.572022339000057 ], [ 120.380674191000026, 37.775111745000061 ], [ 120.879977637000025, 37.884658220000063 ], [ 121.1920422930001, 37.629712298000072 ], [ 121.355009390000077, 37.654422871000065 ], [ 121.580389419000085, 37.456508274000043 ], [ 122.121301487000096, 37.561028703000034 ], [ 122.322409820000075, 37.453755760000035 ], [ 122.461105220000036, 37.522538204000057 ], [ 122.655278784000075, 37.442744692000076 ], [ 122.537387693000028, 36.976048548000051 ], [ 122.374420595000061, 36.88180862400003 ], [ 122.211453498000083, 37.014819350000039 ], [ 121.944464847000063, 37.028661275000047 ], [ 121.795367292000037, 36.901220485000067 ], [ 120.983999189000087, 36.587254868000059 ], [ 120.931988414000102, 36.609524752000027 ], [ 120.814097322000066, 36.512046571000042 ], [ 120.703141, 36.185299386000054 ], [ 120.512434823000035, 36.098495766000042 ], [ 120.366804650000063, 36.143309628000054 ], [ 120.252380943000048, 36.232860582000058 ], [ 120.134489853000105, 36.160108230000048 ], [ 120.273185254000055, 36.014400857000055 ], [ 120.096348616000114, 35.935831237000059 ], [ 119.943783675000077, 35.671490463000055 ], [ 119.753077497000049, 35.648952782000038 ], [ 119.496491003000074, 35.363868080000032 ], [ 119.442130428000041, 35.186350823000055 ], [ 119.063067871000044, 35.174194882000052 ], [ 118.965981090000014, 35.089122757000041 ], [ 118.823818302000063, 34.807755005000047 ], [ 118.605373045000078, 34.728001232000054 ], [ 118.497884109000097, 34.545417789000055 ], [ 118.293308391000096, 34.513995805000036 ], [ 118.27250408000009, 34.67098709000004 ], [ 118.085265287000084, 34.767887752000036 ], [ 117.970841580000069, 34.750795888000027 ], [ 117.891091723000045, 34.63390683700004 ], [ 117.658776925000097, 34.573972940000033 ], [ 117.485407674000044, 34.659579548000067 ], [ 117.284299341000064, 34.608226177000063 ], [ 117.020778076000056, 35.052230577000046 ], [ 116.854343594000056, 35.060745637000025 ], [ 116.580420175000086, 34.998281247000079 ], [ 116.518007244000046, 34.759342262000075 ], [ 116.456451252000079, 34.732201838000037 ] ] ] } },
{ "type": "Feature", "properties": { "province": "Qinghai Province" }, "geometry": { "type": "Polygon", "coordinates": [ [ [ 102.321471974000076, 33.785666202000073 ], [ 102.375699417000078, 33.679811692000044 ], [ 102.494052827000075, 33.643691937000028 ], [ 102.497997941000051, 33.505640775000074 ], [ 102.426985895000087, 33.406897737000065 ], [ 102.399370098000077, 33.215676062000057 ], [ 102.269181348000075, 33.209074736000048 ], [ 102.174498621000055, 33.29485313400005 ], [ 102.000913621000052, 33.298150621000048 ], [ 101.776042141000062, 33.126516148000064 ], [ 101.594566913000051, 33.331118638000078 ], [ 101.491993959000069, 33.350893462000045 ], [ 101.196110433000058, 33.22887722300004 ], [ 101.077757025000039, 33.093470952000075 ], [ 101.077757025000039, 32.881687723000027 ], [ 100.990964524000049, 32.745747401000074 ], [ 100.714806568000085, 32.715879020000045 ], [ 100.501770430000079, 32.765654093000023 ], [ 100.012576336000052, 33.169456317000027 ], [ 99.917893609000032, 33.334414754000079 ], [ 99.665406335000057, 33.327822397000034 ], [ 99.507601788000045, 33.232177202000059 ], [ 99.401083719000042, 33.225577120000025 ], [ 99.176212241000087, 33.284959925000067 ], [ 98.860603149000042, 33.439824577000024 ], [ 98.65940235100004, 33.380547278000051 ], [ 98.079470644000082, 33.400310871000045 ], [ 97.93744655100005, 33.373958414000072 ], [ 97.661288596000077, 33.275065594000068 ], [ 97.527154732000042, 33.113299561000076 ], [ 97.593906055000048, 32.934416265000038 ], [ 97.525734490000048, 32.85385347700003 ], [ 97.210125398000059, 32.781708916000071 ], [ 97.189926416000048, 32.720127578000074 ], [ 97.25052336300007, 32.645748608000076 ], [ 97.237898998000048, 32.545770900000036 ], [ 97.131854343000043, 32.345481286000052 ], [ 97.136904090000087, 32.255846458000065 ], [ 96.773638022000057, 31.768251793000047 ], [ 96.651339501000052, 31.711214959000074 ], [ 96.461974044000044, 31.805139258000054 ], [ 96.316004839000072, 31.815196920000062 ], [ 96.158200294000039, 31.727994145000025 ], [ 96.059572451000065, 31.727994145000025 ], [ 95.803140064000047, 31.855416618000049 ], [ 95.605884381000067, 31.855416618000049 ], [ 95.507256540000071, 31.992701538000063 ], [ 95.459915175000049, 32.189897687000041 ], [ 95.167976765000049, 32.273326869000073 ], [ 94.994391763000067, 32.396661362000032 ], [ 94.911544378000087, 32.509847445000048 ], [ 94.726124034000065, 32.592981723000037 ], [ 94.167653745000052, 32.605345519000025 ], [ 93.528860942000051, 32.550027541000077 ], [ 93.134980794000057, 32.645748608000076 ], [ 92.975913811000055, 32.632991708000077 ], [ 92.826946321000037, 32.722251781000068 ], [ 92.327021517000048, 32.713754665000067 ], [ 91.806897732000039, 32.993731413000035 ], [ 91.516537368000058, 33.002201754000055 ], [ 91.44079118500008, 33.046657700000026 ], [ 91.054485656000054, 33.093206541000029 ], [ 90.986314092000043, 33.139730746000055 ], [ 90.451041070000031, 33.137616544000025 ], [ 90.289449216000037, 33.433108516000061 ], [ 90.009188341000083, 33.717097626000054 ], [ 89.953641142000038, 33.901712626000062 ], [ 89.807198523000068, 33.99177721600006 ], [ 89.562285866000082, 34.265154400000029 ], [ 89.58167688900005, 34.481220564000068 ], [ 89.481489938000038, 34.562434245000077 ], [ 89.468562590000033, 34.684770577000052 ], [ 89.50411279900004, 34.73790400300004 ], [ 89.767507523000063, 34.781713377000074 ], [ 89.79659405600006, 34.837437128000033 ], [ 89.820832836000079, 34.946122460000026 ], [ 89.727109559000041, 35.044080840000049 ], [ 89.744884662000061, 35.190798388000076 ], [ 89.916172030000041, 35.629362370000024 ], [ 89.887085496000054, 35.868047520000061 ], [ 89.592988319000085, 35.932186522000052 ], [ 89.571981378000032, 36.01980263400003 ], [ 89.841839777000075, 36.150391919000072 ], [ 89.820248373000084, 36.299024618000033 ], [ 89.976207192000061, 36.300540305000027 ], [ 90.31943208000007, 36.185995916000024 ], [ 90.575864468000077, 36.217830638000066 ], [ 91.079633389000037, 36.442123699000035 ], [ 91.089328900000055, 36.503196703000071 ], [ 91.013380727000083, 36.538259425000035 ], [ 90.790383966000036, 36.526573616000064 ], [ 90.672421913000051, 36.822069320000026 ], [ 91.147905947000083, 37.091216939000049 ], [ 91.112557729000059, 37.266234983000061 ], [ 91.236276493000048, 37.38469449400003 ], [ 91.179466857000079, 37.455505147000054 ], [ 90.339157648000082, 37.833483744000034 ], [ 90.232639579000079, 38.407658058000038 ], [ 90.694217877000085, 38.688430433000065 ], [ 91.865916634000087, 38.857596038000054 ], [ 92.126294134000034, 38.919011298000044 ], [ 92.434013, 39.078442364000068 ], [ 93.100737208000055, 38.89138100200006 ], [ 93.305883118000054, 38.663791114000048 ], [ 93.826638121000087, 38.713061269000036 ], [ 93.976552440000034, 38.534295593000024 ], [ 94.363173579000033, 38.589822281000068 ], [ 94.623551080000084, 38.22503350900007 ], [ 95.254769266000039, 38.339614554000036 ], [ 95.854426541000066, 38.203335675000062 ], [ 96.20159654400004, 38.237429367000061 ], [ 96.45013870400004, 38.125790610000024 ], [ 96.885628754000038, 38.257060082000066 ], [ 96.896940184000073, 38.492689126000073 ], [ 97.087618573000043, 38.726289451000071 ], [ 97.094082246000085, 38.949075571000037 ], [ 96.985973418000071, 39.108788624000056 ], [ 97.121658867000065, 39.208353818000035 ], [ 97.834172946000081, 39.083415733000038 ], [ 98.209066049000057, 38.837140349000038 ], [ 98.48054036700006, 39.069616833000055 ], [ 98.619509362000088, 38.972949001000075 ], [ 98.795644486000072, 39.084670044000063 ], [ 99.136603300000047, 39.005604867000045 ], [ 99.39999802400007, 38.796850870000071 ], [ 99.506648649000056, 38.798110261000033 ], [ 100.035054015000071, 38.350896879000061 ], [ 100.201493627000048, 38.350896879000061 ], [ 100.254818940000064, 38.497747986000036 ], [ 100.456873396000049, 38.426790353000058 ], [ 101.121153274000051, 38.031881915000042 ], [ 101.171650729000078, 37.906482821000054 ], [ 101.497359313000061, 37.760911391000036 ], [ 101.593304476000071, 37.762907459000076 ], [ 101.840742006000085, 37.667035395000028 ], [ 102.047781569000051, 37.768895345000033 ], [ 102.123527753000076, 37.758915268000067 ], [ 102.123527753000076, 37.627052097000046 ], [ 102.365915535000056, 37.494954574000076 ], [ 102.408838372000048, 37.344559651000054 ], [ 102.524982518000058, 37.213973227000054 ], [ 102.545339306000074, 36.990574529000071 ], [ 102.711034079000058, 36.873894564000068 ], [ 102.732022083000061, 36.626576166000063 ], [ 102.901188556000079, 36.563734857000043 ], [ 102.946636265000052, 36.409455898000033 ], [ 103.077929649000055, 36.29761515000007 ], [ 102.994608849000088, 35.940690853000035 ], [ 102.777469792000034, 35.653985247000037 ], [ 102.742121574000066, 35.635518800000057 ], [ 102.608303318000083, 35.692955946000041 ], [ 102.505793485000083, 35.536055013000066 ], [ 102.412070209000035, 35.497912296000038 ], [ 102.328042443000072, 35.38337546200006 ], [ 102.426613476000057, 35.268675779000034 ], [ 102.415302047000068, 35.190798388000076 ], [ 102.318346934000033, 35.095660355000064 ], [ 101.948301583000045, 34.962015567000037 ], [ 101.954765258000066, 34.632932633000053 ], [ 102.008090570000036, 34.499866771000029 ], [ 101.906287701000053, 34.274502109000025 ], [ 101.696218288000068, 34.254470032000029 ], [ 101.331020696000053, 34.395927698000037 ], [ 101.19689945600004, 34.503861844000028 ], [ 101.032916041000078, 34.499280811000062 ], [ 101.01430066000006, 34.192741270000056 ], [ 101.136334829000077, 34.118286003000037 ], [ 101.484532958000045, 34.118125468000073 ], [ 101.725304823000045, 34.043175978000079 ], [ 101.819028099000036, 33.980220769000027 ], [ 101.920830969000065, 33.784360380000066 ], [ 102.321471974000076, 33.785666202000073 ] ] ] } },
{ "type": "Feature", "properties": { "province": "Ningxia Ningxia Hui Autonomous Region" }, "geometry": { "type": "Polygon", "coordinates": [ [ [ 107.581406551000043, 37.825796156000024 ], [ 107.385993762000055, 37.671282355000073 ], [ 107.311036603000048, 37.455505147000054 ], [ 107.382048649000069, 37.314444434000052 ], [ 107.346765466000079, 37.218506705000038 ], [ 107.038445031000037, 37.193701999000041 ], [ 106.888164603000064, 37.279897464000044 ], [ 106.749195608000036, 37.282468947000041 ], [ 106.632849473000078, 37.00940316100008 ], [ 106.729804585000068, 36.869915469000034 ], [ 106.545589871000061, 36.798781991000055 ], [ 106.53195555800005, 36.549537802000032 ], [ 106.582453013000077, 36.391165681000075 ], [ 107.019255997000073, 36.179500043000075 ], [ 106.925835705000054, 35.852741384000069 ], [ 106.794542323000087, 35.797467377000032 ], [ 106.668298686000071, 35.824085593000063 ], [ 106.561749055000064, 35.775019241000052 ], [ 106.548821707000059, 35.479492085000061 ], [ 106.364606993000052, 35.420255674000032 ], [ 106.180392277000067, 35.516328284000053 ], [ 105.957395517000066, 35.533425063000038 ], [ 105.834585706000041, 35.776330256000051 ], [ 105.535640774000058, 35.83661354000003 ], [ 105.409599126000046, 35.980583563000039 ], [ 105.399903617000064, 36.104710346000047 ], [ 105.529581080000071, 36.238579905000051 ], [ 105.504332352000063, 36.417583500000035 ], [ 105.357889733000036, 36.616443932000038 ], [ 105.295083524000063, 36.974817405000067 ], [ 104.995254887000044, 37.188834486000076 ], [ 104.89662704400007, 37.317581999000026 ], [ 104.750657839000041, 37.308168910000063 ], [ 104.758548067000049, 37.452373348000037 ], [ 104.54273383900005, 37.573521195000069 ], [ 104.598524395000084, 37.619935626000029 ], [ 105.095608715000083, 37.674404965000065 ], [ 105.452888070000085, 38.003878531000055 ], [ 105.905589863000046, 38.293571616000065 ], [ 105.905589863000046, 38.757106205000071 ], [ 106.096434735000059, 38.966188174000024 ], [ 106.091996483000059, 39.131633706000059 ], [ 106.320566506000034, 39.241715328000055 ], [ 106.380482919000087, 39.341327817000035 ], [ 106.520287885000073, 39.34304403200008 ], [ 106.66009284900008, 39.432229076000056 ], [ 106.873128987000086, 39.404799664000052 ], [ 106.873128987000086, 39.264054586000043 ], [ 107.066192987000079, 39.116139653000062 ], [ 106.635959849000074, 38.386473815000045 ], [ 106.934154965000062, 38.228665326000055 ], [ 107.246219619000044, 38.239559692000057 ], [ 107.509740882000074, 38.081431724000026 ], [ 107.581406551000043, 37.825796156000024 ] ] ] } },
{ "type": "Feature", "properties": { "province": "Shaanxi Province" }, "geometry": { "type": "Polygon", "coordinates": [ [ [ 109.730823962000045, 31.972288990000038 ], [ 109.283593432000089, 31.905666579000069 ], [ 109.23230695400008, 32.072968266000032 ], [ 108.95614899900005, 32.119758018000027 ], [ 108.593198542000039, 32.373340703000054 ], [ 108.403833085000088, 32.37667259400007 ], [ 108.076388654000084, 32.273326869000073 ], [ 107.76077956000006, 32.486556054000062 ], [ 107.599029900000062, 32.509847445000048 ], [ 107.46884115000006, 32.612922488000038 ], [ 107.421499785000037, 32.576361028000065 ], [ 107.228189217000079, 32.583009675000028 ], [ 107.117726035000032, 32.822032216000025 ], [ 106.884964328000081, 32.83197758600005 ], [ 106.328703302000065, 32.712559694000049 ], [ 106.186679210000079, 32.75570130400007 ], [ 106.127502506000042, 32.971095733000027 ], [ 105.819783641000072, 32.987642854000057 ], [ 106.072270914000057, 33.284959925000067 ], [ 106.013094210000077, 33.452991814000029 ], [ 105.886850573000061, 33.522087011000053 ], [ 105.890795686000047, 33.584554189000073 ], [ 106.139337847000036, 33.702789092000046 ], [ 106.545684553000058, 33.696224748000077 ], [ 106.553574782000055, 33.961679018000041 ], [ 106.506233417000033, 34.069590484000059 ], [ 106.766610918000083, 34.490107167000076 ], [ 106.427331145000039, 34.636303292000036 ], [ 106.439166484000054, 34.72389752600003 ], [ 106.573300350000068, 34.817876952000063 ], [ 106.604861258000085, 34.976426377000053 ], [ 106.553574782000055, 35.034592118000035 ], [ 106.577245463000054, 35.137895711000056 ], [ 106.865238760000068, 35.202393985000072 ], [ 107.078274898000075, 35.173376092000069 ], [ 107.283420808000074, 35.031361773000071 ], [ 107.879132970000057, 35.121763150000049 ], [ 107.827846493000038, 35.22173348900003 ], [ 107.823901379000063, 35.389149399000075 ], [ 107.883078084000033, 35.418090045000042 ], [ 108.040882631000045, 35.340891906000024 ], [ 108.242083427000068, 35.402013191000037 ], [ 108.537966951000044, 35.379500208000024 ], [ 108.648430133000033, 35.437378035000052 ], [ 108.687881270000048, 35.636416575000055 ], [ 108.577418087000069, 35.751760509000064 ], [ 108.612924110000051, 35.99152396900007 ], [ 108.766783544000077, 36.080849516000058 ], [ 108.782563997000068, 36.427614839000057 ], [ 108.32887592600008, 36.703284567000026 ], [ 108.206577404000086, 36.662155080000048 ], [ 107.942254788000071, 36.848642986000073 ], [ 107.42544489800008, 37.00002723700004 ], [ 107.334707286000082, 37.185691555000062 ], [ 107.382048649000069, 37.314444434000052 ], [ 107.311036603000048, 37.455505147000054 ], [ 107.385993762000055, 37.671282355000073 ], [ 107.581406551000043, 37.825796156000024 ], [ 108.099196341000038, 37.860024445000079 ], [ 108.192815736000057, 37.925696207000044 ], [ 108.307239444000061, 37.912019421000025 ], [ 108.404326224000044, 37.761407001000066 ], [ 108.68865179900007, 37.750441378000062 ], [ 108.761466886000051, 37.799773880000032 ], [ 109.004183839000063, 38.182346070000051 ], [ 109.170618321000063, 38.277677116000064 ], [ 109.385596195000062, 38.511387984000066 ], [ 109.493085132000033, 38.57376395700004 ], [ 109.56243283200007, 38.703765568000051 ], [ 109.773943321000047, 38.719999186000052 ], [ 109.909171338000078, 38.795707318000041 ], [ 109.916106108000065, 38.860536065000076 ], [ 109.85022579200006, 38.944185794000077 ], [ 109.919573491000051, 39.186481065000066 ], [ 110.283648923000044, 39.516271486000051 ], [ 110.356464009000035, 39.446689457000048 ], [ 110.592246193000051, 39.457398916000045 ], [ 110.750445636000052, 39.382398119000072 ], [ 111.113437508000061, 39.645715754000037 ], [ 111.271805316000041, 39.502719666000075 ], [ 111.237179812000079, 39.186481065000066 ], [ 111.051744058000054, 39.047235970000031 ], [ 110.914713003000088, 38.535802416000024 ], [ 110.543702802000041, 38.239559692000057 ], [ 110.547170187000063, 38.100534327000048 ], [ 110.855767456000081, 37.772370999000032 ], [ 110.734408979000079, 37.395929577000061 ], [ 110.495159410000042, 37.097833057000059 ], [ 110.460485560000052, 36.768011494000064 ], [ 110.56797449700008, 36.676295822000043 ], [ 110.547170187000063, 36.174104316000069 ], [ 110.710137284000041, 35.76720461900004 ], [ 110.689332974000081, 35.637681555000029 ], [ 110.38767047500005, 35.21953032700003 ], [ 110.370333548000076, 34.816295480000065 ], [ 110.439703390000034, 34.719869134000078 ], [ 110.438337668000088, 34.585053453000057 ], [ 110.549836048000088, 34.481220564000068 ], [ 110.54948177700004, 34.356072061000077 ], [ 110.715916259000039, 34.30516795300008 ], [ 110.722080499000072, 34.019534987000043 ], [ 110.863858021000055, 33.937748261000024 ], [ 110.931664663000049, 33.779062780000061 ], [ 111.116591865000089, 33.650876052000058 ], [ 111.104263384000035, 33.393929369000034 ], [ 110.882350742000085, 33.234239625000043 ], [ 110.660438099000089, 33.373340682000048 ], [ 110.498688438000045, 33.288257787000077 ], [ 109.847744685000066, 33.397017252000069 ], [ 109.725446161000036, 33.393723507000061 ], [ 109.622873207000055, 33.331118638000078 ], [ 109.638653660000045, 33.22887722300004 ], [ 109.863525140000036, 33.209074736000048 ], [ 109.867470253000079, 33.050493621000044 ], [ 110.04105525500006, 33.030650851000075 ], [ 110.250146277000056, 32.908188404000043 ], [ 110.242256051000084, 32.77892274900006 ], [ 109.685995025000068, 32.659433673000024 ], [ 109.626818320000041, 32.409984751000025 ], [ 109.772787526000059, 32.196574840000039 ], [ 109.730823962000045, 31.972288990000038 ] ] ] } },
{ "type": "Feature", "properties": { "province": "Tianjin Municipality" }, "geometry": { "type": "Polygon", "coordinates": [ [ [ 118.119251385000098, 39.209407897000062 ], [ 117.809824887000104, 39.13489482500006 ], [ 117.696051314000101, 39.008710779000069 ], [ 117.647759170000086, 38.689026059000071 ], [ 117.518278483000017, 38.677459283000076 ], [ 117.160999127000082, 38.817647651000073 ], [ 117.034508921000111, 38.789977941000075 ], [ 116.921333473000118, 38.824563399000056 ], [ 116.792624140000044, 38.962737271000037 ], [ 116.808158025000012, 39.083418795000057 ], [ 116.879170072000079, 39.155728793000037 ], [ 116.896923083000047, 39.33446254100005 ], [ 116.86141706, 39.406514319000053 ], [ 116.916895221000118, 39.601708454000061 ], [ 116.904218094000043, 39.706282785000042 ], [ 117.033195280000086, 39.775434505000078 ], [ 117.247545059000117, 39.757127604000061 ], [ 117.296793545000014, 40.153405484000075 ], [ 117.495487389000118, 40.300029255000027 ], [ 117.752288029000056, 40.225307238000028 ], [ 117.732291037000095, 40.082888620000062 ], [ 117.645031435000078, 40.038365060000046 ], [ 117.65559802700011, 39.867654542000025 ], [ 117.762116096000113, 39.721429241000067 ], [ 117.928284283000039, 39.686463795000066 ], [ 117.962370066000062, 39.525613726000074 ], [ 118.129958493000117, 39.492741283000043 ], [ 118.156943071000114, 39.42914380600007 ], [ 118.119251385000098, 39.209407897000062 ] ] ] } },
{ "type": "Feature", "properties": { "province": "Shanxi Province" }, "geometry": { "type": "Polygon", "coordinates": [ [ [ 113.813192447, 36.46220698500008 ], [ 113.665216193000106, 35.697893714000031 ], [ 113.015081496000107, 35.362807714000041 ], [ 112.74419203900004, 35.38047868600006 ], [ 112.635836256000061, 35.30535033700005 ], [ 112.305351119000079, 35.35397077600004 ], [ 112.196995335000111, 35.287662929000078 ], [ 112.142817445000105, 35.190313115000038 ], [ 111.920254666000062, 35.179863196000042 ], [ 111.549244466000061, 34.930083858000046 ], [ 111.282255817000078, 34.915868924000051 ], [ 111.036071479000043, 34.853293976000032 ], [ 110.845365301000072, 34.728001232000054 ], [ 110.418876940000075, 34.719451615000025 ], [ 110.370333548000076, 34.816295480000065 ], [ 110.38767047500005, 35.21953032700003 ], [ 110.689332974000081, 35.637681555000029 ], [ 110.710137284000041, 35.76720461900004 ], [ 110.547170187000063, 36.174104316000069 ], [ 110.56797449700008, 36.676295822000043 ], [ 110.460485560000052, 36.768011494000064 ], [ 110.495159410000042, 37.097833057000059 ], [ 110.734408979000079, 37.395929577000061 ], [ 110.855767456000081, 37.772370999000032 ], [ 110.547170187000063, 38.100534327000048 ], [ 110.543702802000041, 38.239559692000057 ], [ 110.914713003000088, 38.535802416000024 ], [ 111.051744058000054, 39.047235970000031 ], [ 111.237179812000079, 39.186481065000066 ], [ 111.271805316000041, 39.502719666000075 ], [ 111.303060127000037, 39.474463710000066 ], [ 111.498100536000038, 39.603985957000077 ], [ 111.601038531000086, 39.754095423000081 ], [ 111.926105879000033, 39.724933025000041 ], [ 112.045297240000082, 39.849827821000076 ], [ 112.381200167000088, 40.367779382000037 ], [ 112.540916591000041, 40.388085235000062 ], [ 112.762829234000037, 40.282361850000029 ], [ 112.898057251000068, 40.306164054000078 ], [ 113.109567740000102, 40.49364292100006 ], [ 113.27253483700008, 40.509462278000058 ], [ 113.390425929000116, 40.432967505000079 ], [ 113.549925641000073, 40.422409663000053 ], [ 113.841185985000038, 40.556897958000036 ], [ 114.066566013000056, 40.596402036000029 ], [ 114.212333867000098, 40.791578218000041 ], [ 114.340489433000016, 40.68059942900004 ], [ 114.402902363000067, 40.480457276000038 ], [ 114.527728225000033, 40.414490195000042 ], [ 114.499989145000086, 40.369595601000071 ], [ 114.170587565, 40.26119729800007 ], [ 114.122044174000052, 40.181771247000029 ], [ 114.160185410000054, 40.062457634000054 ], [ 114.434108828000035, 39.99342546400004 ], [ 114.475717450000047, 39.911026597000046 ], [ 114.472250064000036, 39.796567108000033 ], [ 114.622318489, 39.591448749000051 ], [ 114.484732651000058, 39.239996628000029 ], [ 114.28501127200002, 39.172934518000034 ], [ 114.005401341000038, 39.157449554000038 ], [ 113.850062491000017, 39.033447159000048 ], [ 113.938827549000052, 38.885047545000077 ], [ 113.668094124000049, 38.675726843000064 ], [ 113.653947192000032, 38.397344498000052 ], [ 113.924403226000095, 38.272232993000046 ], [ 113.959077077000074, 38.10599129600007 ], [ 114.200684467000087, 37.779715968000062 ], [ 114.211780100000055, 37.709525270000029 ], [ 113.974333570000113, 37.421048148000068 ], [ 113.875859835000028, 37.227705163000053 ], [ 113.886261990000094, 37.042500676000031 ], [ 113.719827508000094, 36.887355373000048 ], [ 113.595001646000014, 36.859617597000067 ], [ 113.608871187000091, 36.734673013000076 ], [ 113.813192447, 36.46220698500008 ] ] ] } },
{ "type": "Feature", "properties": { "province": "Beijing Municipality" }, "geometry": { "type": "Polygon", "coordinates": [ [ [ 117.033195280000086, 39.775434505000078 ], [ 116.878615290000084, 39.697925979000047 ], [ 116.660170031, 39.695258042000034 ], [ 116.559615864000079, 39.649887350000029 ], [ 116.552681095000025, 39.575094204000038 ], [ 116.275290290000044, 39.668573008000067 ], [ 115.841867159000117, 39.628526125000064 ], [ 115.571411125000054, 39.831191268000055 ], [ 115.540204660000086, 39.950909412000044 ], [ 115.606084976000034, 40.115511757000036 ], [ 115.760996643000112, 40.268711473000053 ], [ 115.914382663000083, 40.306629434000058 ], [ 115.993916155000079, 40.44511963900004 ], [ 115.898760014000118, 40.542325075000065 ], [ 115.934266037000043, 40.627533764000077 ], [ 116.243878556000027, 40.751377644000058 ], [ 116.397264576000111, 40.763211518000048 ], [ 116.368859756, 40.913640393000037 ], [ 116.475377826000113, 40.894318662000046 ], [ 116.491000475000078, 40.978005384000028 ], [ 116.621662640000068, 41.066940183000042 ], [ 116.752324804000068, 41.073364550000065 ], [ 117.140050575000032, 40.75352941500006 ], [ 117.279234183000085, 40.793324600000062 ], [ 117.472386949000111, 40.764287220000028 ], [ 117.506472731000031, 40.710480780000069 ], [ 117.348825989000034, 40.604893946000061 ], [ 117.327522375000058, 40.528292991000058 ], [ 117.360187917000076, 40.425661655000056 ], [ 117.502325628000108, 40.305069802000048 ], [ 117.296793545000014, 40.153405484000075 ], [ 117.021194163000018, 40.150080771000034 ], [ 116.845055561000095, 40.094709113000079 ], [ 116.837006668000072, 40.038038852000057 ], [ 117.054481058000079, 39.89006551500006 ], [ 117.033195280000086, 39.775434505000078 ] ] ] } },
{ "type": "Feature", "properties": { "province": "Gansu Province" }, "geometry": { "type": "Polygon", "coordinates": [ [ [ 105.825758841000038, 32.994325169000035 ], [ 105.577553662000071, 32.997966685000051 ], [ 105.481608498000071, 32.923820085000045 ], [ 105.491707990000066, 32.758355490000042 ], [ 105.19882275100008, 32.654252196000073 ], [ 104.903412639000067, 32.754108753000025 ], [ 104.671124347000045, 32.771094481000034 ], [ 104.474184275000084, 32.949248785000066 ], [ 104.489333511000041, 33.13550229100008 ], [ 104.30249292700006, 33.460496246000048 ], [ 104.239371110000036, 33.462602636000042 ], [ 104.075254381000036, 33.327690545000053 ], [ 103.903563035000047, 33.340347448000045 ], [ 103.545031106000067, 33.614128135000044 ], [ 103.466760051000051, 33.801062916000035 ], [ 103.272344850000081, 33.836723251000024 ], [ 103.181449430000043, 34.002243656000076 ], [ 103.199123541000063, 34.246789805000049 ], [ 103.042581431000087, 34.323977564000074 ], [ 102.426512481000032, 34.134010249000028 ], [ 102.277544990000081, 34.031542827000067 ], [ 102.332890200000065, 33.785703417000036 ], [ 101.920830969000065, 33.784360380000066 ], [ 101.819028099000036, 33.980220769000027 ], [ 101.725304823000045, 34.043175978000079 ], [ 101.484532958000045, 34.118125468000073 ], [ 101.136334829000077, 34.118286003000037 ], [ 101.01430066000006, 34.192741270000056 ], [ 101.032916041000078, 34.499280811000062 ], [ 101.19689945600004, 34.503861844000028 ], [ 101.331020696000053, 34.395927698000037 ], [ 101.696218288000068, 34.254470032000029 ], [ 101.906287701000053, 34.274502109000025 ], [ 102.008090570000036, 34.499866771000029 ], [ 101.954765258000066, 34.632932633000053 ], [ 101.948301583000045, 34.962015567000037 ], [ 102.318346934000033, 35.095660355000064 ], [ 102.415302047000068, 35.190798388000076 ], [ 102.426613476000057, 35.268675779000034 ], [ 102.328042443000072, 35.38337546200006 ], [ 102.412070209000035, 35.497912296000038 ], [ 102.505793485000083, 35.536055013000066 ], [ 102.608303318000083, 35.692955946000041 ], [ 102.742121574000066, 35.635518800000057 ], [ 102.777469792000034, 35.653985247000037 ], [ 102.994608849000088, 35.940690853000035 ], [ 103.077929649000055, 36.29761515000007 ], [ 102.946636265000052, 36.409455898000033 ], [ 102.901188556000079, 36.563734857000043 ], [ 102.732022083000061, 36.626576166000063 ], [ 102.711034079000058, 36.873894564000068 ], [ 102.545339306000074, 36.990574529000071 ], [ 102.524982518000058, 37.213973227000054 ], [ 102.408838372000048, 37.344559651000054 ], [ 102.365915535000056, 37.494954574000076 ], [ 102.123527753000076, 37.627052097000046 ], [ 102.123527753000076, 37.758915268000067 ], [ 102.047781569000051, 37.768895345000033 ], [ 101.840742006000085, 37.667035395000028 ], [ 101.593304476000071, 37.762907459000076 ], [ 101.497359313000061, 37.760911391000036 ], [ 101.171650729000078, 37.906482821000054 ], [ 101.121153274000051, 38.031881915000042 ], [ 100.795444691000057, 38.236437776000059 ], [ 100.254818940000064, 38.497747986000036 ], [ 100.201493627000048, 38.350896879000061 ], [ 100.035054015000071, 38.350896879000061 ], [ 99.506648649000056, 38.798110261000033 ], [ 99.39999802400007, 38.796850870000071 ], [ 99.136603300000047, 39.005604867000045 ], [ 98.795644486000072, 39.084670044000063 ], [ 98.619509362000088, 38.972949001000075 ], [ 98.48054036700006, 39.069616833000055 ], [ 98.209066049000057, 38.837140349000038 ], [ 97.834172946000081, 39.083415733000038 ], [ 97.121658867000065, 39.208353818000035 ], [ 96.985973418000071, 39.108788624000056 ], [ 97.094082246000085, 38.949075571000037 ], [ 97.087618573000043, 38.726289451000071 ], [ 96.896940184000073, 38.492689126000073 ], [ 96.885628754000038, 38.257060082000066 ], [ 96.45013870400004, 38.125790610000024 ], [ 96.20159654400004, 38.237429367000061 ], [ 95.854426541000066, 38.203335675000062 ], [ 95.254769266000039, 38.339614554000036 ], [ 94.623551080000084, 38.22503350900007 ], [ 94.363173579000033, 38.589822281000068 ], [ 93.976552440000034, 38.534295593000024 ], [ 93.826638121000087, 38.713061269000036 ], [ 93.305883118000054, 38.663791114000048 ], [ 93.100737208000055, 38.89138100200006 ], [ 92.617707354000061, 39.04359751800007 ], [ 92.888933918000077, 39.220515095000053 ], [ 92.919261980000044, 39.454126755000061 ], [ 92.885018394000042, 40.049575988000072 ], [ 92.948140211000066, 40.419654968000032 ], [ 93.405142178000062, 40.45616734400005 ], [ 93.634905596000067, 40.609686082000053 ], [ 93.708284711000033, 40.781496089000029 ], [ 94.094905850000032, 41.109281843000076 ], [ 94.473163348000071, 41.326506219000066 ], [ 94.635386420000032, 41.541827700000056 ], [ 94.891818809000085, 41.671620634000078 ], [ 95.183757220000075, 41.733475198000065 ], [ 95.507256540000071, 41.921617250000054 ], [ 96.051682225000036, 42.003755493000028 ], [ 96.367291317000081, 42.223246817000074 ], [ 96.284443929000076, 42.401205714000071 ], [ 96.403961806000041, 42.659924658000079 ], [ 97.287239618000058, 42.527877942000032 ], [ 97.366650563000064, 42.545983491000072 ], [ 97.406430980000039, 42.167507931000046 ], [ 97.574382442000058, 41.958352909000041 ], [ 97.401013190000072, 41.679757113000051 ], [ 97.428102136000064, 41.460880594000059 ], [ 97.78025843100005, 40.975926078000043 ], [ 97.996969997000065, 40.844905035000068 ], [ 98.235352718000058, 40.614993795000032 ], [ 98.403304182000056, 40.536807776000046 ], [ 98.60918016800008, 40.561507969000047 ], [ 99.058856667000043, 40.861296863000064 ], [ 100.136996706000048, 40.914542291000032 ], [ 100.418721743000049, 40.758781416000033 ], [ 100.434975110000039, 40.45440801500007 ], [ 100.001551978000066, 40.173492346000046 ], [ 99.817347147000078, 39.97864749300004 ], [ 99.979880822000041, 39.795734581000033 ], [ 100.288694802000066, 39.683251054000038 ], [ 100.440392898000084, 39.537165945000027 ], [ 100.887035435000087, 39.526970235000078 ], [ 100.925176672000077, 39.457398916000045 ], [ 100.897437590000038, 39.377037831000052 ], [ 100.918241900000055, 39.154223091000063 ], [ 101.119350233000034, 39.043896740000037 ], [ 101.278849946000037, 39.035817302000055 ], [ 101.393273653000051, 38.960364679000065 ], [ 101.60825152600006, 38.922608203000038 ], [ 102.374543623000079, 38.944185794000077 ], [ 102.832238449000045, 39.08428006500003 ], [ 103.380085287000043, 39.468106727000077 ], [ 103.834312729000033, 39.454721705000054 ], [ 104.219192469000063, 39.21603787500004 ], [ 104.247902417000034, 39.007585885000026 ], [ 104.121412212000052, 38.87468248700003 ], [ 104.154699107000056, 38.772678916000075 ], [ 104.139165222000088, 38.56476346200003 ], [ 104.021551522000038, 38.465792222000061 ], [ 103.730845959000078, 38.422340870000028 ], [ 103.726407706000032, 38.223871289000044 ], [ 103.617670511000085, 38.054570480000052 ], [ 103.635423523000043, 37.799006739000049 ], [ 103.963854234000053, 37.693723191000061 ], [ 103.979388120000067, 37.623450982000065 ], [ 104.305599705000077, 37.526718133000031 ], [ 104.54273383900005, 37.573521195000069 ], [ 104.758548067000049, 37.452373348000037 ], [ 104.750657839000041, 37.308168910000063 ], [ 104.89662704400007, 37.317581999000026 ], [ 104.995254887000044, 37.188834486000076 ], [ 105.295083524000063, 36.974817405000067 ], [ 105.357889733000036, 36.616443932000038 ], [ 105.504332352000063, 36.417583500000035 ], [ 105.529581080000071, 36.238579905000051 ], [ 105.399903617000064, 36.104710346000047 ], [ 105.409599126000046, 35.980583563000039 ], [ 105.535640774000058, 35.83661354000003 ], [ 105.834585706000041, 35.776330256000051 ], [ 105.957395517000066, 35.533425063000038 ], [ 106.180392277000067, 35.516328284000053 ], [ 106.364606993000052, 35.420255674000032 ], [ 106.548821707000059, 35.479492085000061 ], [ 106.561749055000064, 35.775019241000052 ], [ 106.668298686000071, 35.824085593000063 ], [ 106.794542323000087, 35.797467377000032 ], [ 106.925835705000054, 35.852741384000069 ], [ 107.019255997000073, 36.179500043000075 ], [ 106.582453013000077, 36.391165681000075 ], [ 106.53195555800005, 36.549537802000032 ], [ 106.545589871000061, 36.798781991000055 ], [ 106.729804585000068, 36.869915469000034 ], [ 106.632849473000078, 37.00940316100008 ], [ 106.749195608000036, 37.282468947000041 ], [ 106.888164603000064, 37.279897464000044 ], [ 107.038445031000037, 37.193701999000041 ], [ 107.346765466000079, 37.218506705000038 ], [ 107.42544489800008, 37.00002723700004 ], [ 107.942254788000071, 36.848642986000073 ], [ 108.206577404000086, 36.662155080000048 ], [ 108.32887592600008, 36.703284567000026 ], [ 108.782563997000068, 36.427614839000057 ], [ 108.766783544000077, 36.080849516000058 ], [ 108.612924110000051, 35.99152396900007 ], [ 108.577418087000069, 35.751760509000064 ], [ 108.687881270000048, 35.636416575000055 ], [ 108.648430133000033, 35.437378035000052 ], [ 108.537966951000044, 35.379500208000024 ], [ 108.242083427000068, 35.402013191000037 ], [ 108.040882631000045, 35.340891906000024 ], [ 107.883078084000033, 35.418090045000042 ], [ 107.823901379000063, 35.389149399000075 ], [ 107.827846493000038, 35.22173348900003 ], [ 107.879132970000057, 35.121763150000049 ], [ 107.283420808000074, 35.031361773000071 ], [ 107.078274898000075, 35.173376092000069 ], [ 106.865238760000068, 35.202393985000072 ], [ 106.577245463000054, 35.137895711000056 ], [ 106.553574782000055, 35.034592118000035 ], [ 106.604861258000085, 34.976426377000053 ], [ 106.573300350000068, 34.817876952000063 ], [ 106.439166484000054, 34.72389752600003 ], [ 106.427331145000039, 34.636303292000036 ], [ 106.766610918000083, 34.490107167000076 ], [ 106.506233417000033, 34.069590484000059 ], [ 106.553574782000055, 33.961679018000041 ], [ 106.545684553000058, 33.696224748000077 ], [ 106.139337847000036, 33.702789092000046 ], [ 105.890795686000047, 33.584554189000073 ], [ 105.886850573000061, 33.522087011000053 ], [ 106.013094210000077, 33.452991814000029 ], [ 106.072270914000057, 33.284959925000067 ], [ 105.825758841000038, 32.994325169000035 ] ] ] } },
{ "type": "Feature", "properties": { "province": "Hebei Province" }, "geometry": { "type": "MultiPolygon", "coordinates": [ [ [ [ 117.296793545000014, 40.153405484000075 ], [ 117.247545059000117, 39.757127604000061 ], [ 117.027851542, 39.775890834000052 ], [ 117.054481058000079, 39.89006551500006 ], [ 116.837006668000072, 40.038038852000057 ], [ 116.845055561000095, 40.094709113000079 ], [ 117.021194163000018, 40.150080771000034 ], [ 117.296793545000014, 40.153405484000075 ] ] ], [ [ [ 115.549446464000084, 36.220232033000059 ], [ 115.295970726000064, 36.289651303000028 ], [ 115.111765895000076, 36.202263864000031 ], [ 114.889636540000083, 36.311482891000026 ], [ 114.770445178000045, 36.245969798000033 ], [ 114.651253817000111, 36.267813605000072 ], [ 114.569986981000056, 36.337672730000065 ], [ 114.244919632, 36.372578822000037 ], [ 114.136563849000026, 36.451060278000057 ], [ 113.813192447, 36.46220698500008 ], [ 113.608871187000091, 36.734673013000076 ], [ 113.595001646000014, 36.859617597000067 ], [ 113.719827508000094, 36.887355373000048 ], [ 113.886261990000094, 37.042500676000031 ], [ 113.875859835000028, 37.227705163000053 ], [ 113.974333570000113, 37.421048148000068 ], [ 114.211780100000055, 37.709525270000029 ], [ 114.200684467000087, 37.779715968000062 ], [ 113.959077077000074, 38.10599129600007 ], [ 113.924403226000095, 38.272232993000046 ], [ 113.653947192000032, 38.397344498000052 ], [ 113.668094124000049, 38.675726843000064 ], [ 113.938827549000052, 38.885047545000077 ], [ 113.850062491000017, 39.033447159000048 ], [ 114.005401341000038, 39.157449554000038 ], [ 114.28501127200002, 39.172934518000034 ], [ 114.484732651000058, 39.239996628000029 ], [ 114.622318489, 39.591448749000051 ], [ 114.472250064000036, 39.796567108000033 ], [ 114.475717450000047, 39.911026597000046 ], [ 114.434108828000035, 39.99342546400004 ], [ 114.160185410000054, 40.062457634000054 ], [ 114.122044174000052, 40.181771247000029 ], [ 114.170587565, 40.26119729800007 ], [ 114.499989145000086, 40.369595601000071 ], [ 114.527728225000033, 40.414490195000042 ], [ 114.402902363000067, 40.480457276000038 ], [ 114.340489433000016, 40.68059942900004 ], [ 114.212333867000098, 40.791578218000041 ], [ 114.229533111000023, 40.814569464000044 ], [ 113.9487692350001, 41.168585596000071 ], [ 114.065228989000047, 41.298888773000044 ], [ 113.998477667000088, 41.393782116000068 ], [ 114.039664654000035, 41.550213126000074 ], [ 114.248440068000036, 41.697783539000056 ], [ 114.283946091000075, 41.905294342000047 ], [ 114.603500296000107, 42.22266251700006 ], [ 114.911692576000064, 42.195311262000075 ], [ 115.026199501000065, 42.042953798000042 ], [ 114.977378719000058, 41.732371175000026 ], [ 115.008446489000107, 41.684327765000035 ], [ 115.314685935000057, 41.662779412000077 ], [ 115.512188188000096, 41.825043031000064 ], [ 115.927108022000084, 41.990052809000076 ], [ 116.167801354000062, 41.941107159000069 ], [ 116.466412555000034, 42.10225476800008 ], [ 116.577368876000037, 42.051193356000056 ], [ 116.830349290000072, 42.024823006000076 ], [ 116.899142209000047, 42.051193356000056 ], [ 116.952401244000043, 42.268331099000079 ], [ 116.941305611000075, 42.468356205000077 ], [ 117.238668554000014, 42.582837073000064 ], [ 117.427294300000085, 42.586104872000078 ], [ 117.649206943000081, 42.680796529000077 ], [ 117.82007967900006, 42.662848838000059 ], [ 118.006486299000017, 42.435608857000034 ], [ 118.088593976000084, 42.268331099000079 ], [ 118.275971464, 42.069934373000081 ], [ 118.2378302300001, 41.832690747000072 ], [ 118.432003792000046, 41.61530616500005 ], [ 118.470145028000047, 41.430991121000034 ], [ 118.990252786000042, 41.363364173000036 ], [ 119.101209107000045, 41.410190324000041 ], [ 119.284704987000055, 41.386532460000069 ], [ 119.27138836600011, 41.253659220000031 ], [ 119.071666987000071, 41.165177677000031 ], [ 119.080543492000061, 41.05649924800008 ], [ 118.9562724110001, 40.961048615000038 ], [ 119.100515630000018, 40.786536905000048 ], [ 119.284703123000099, 40.752924236000069 ], [ 119.373468180000032, 40.646933215000047 ], [ 119.679707629000063, 40.591346816000055 ], [ 119.712106875000018, 40.39105578200008 ], [ 119.855551207000076, 40.280630838000036 ], [ 119.856971449000071, 40.128773067000054 ], [ 119.971269832000075, 40.07433721700005 ], [ 119.586859724000078, 39.949580359000038 ], [ 119.581441936000033, 39.862304829000038 ], [ 119.288881323000055, 39.69992686300003 ], [ 119.099258703000032, 39.43681521600007 ], [ 119.012574077000068, 39.223089366000067 ], [ 118.633328836000032, 39.214694653000038 ], [ 118.394946114000049, 39.118083322000075 ], [ 118.232412440000076, 39.202100702000052 ], [ 118.119251385000098, 39.209407897000062 ], [ 118.156943071000114, 39.42914380600007 ], [ 118.129958493000117, 39.492741283000043 ], [ 117.962370066000062, 39.525613726000074 ], [ 117.928284283000039, 39.686463795000066 ], [ 117.762116096000113, 39.721429241000067 ], [ 117.65559802700011, 39.867654542000025 ], [ 117.645031435000078, 40.038365060000046 ], [ 117.732291037000095, 40.082888620000062 ], [ 117.752288029000056, 40.225307238000028 ], [ 117.495487389000118, 40.300029255000027 ], [ 117.360187917000076, 40.425661655000056 ], [ 117.327522375000058, 40.528292991000058 ], [ 117.348825989000034, 40.604893946000061 ], [ 117.506472731000031, 40.710480780000069 ], [ 117.472386949000111, 40.764287220000028 ], [ 117.279234183000085, 40.793324600000062 ], [ 117.140050575000032, 40.75352941500006 ], [ 116.752324804000068, 41.073364550000065 ], [ 116.696935409000048, 41.075505866000071 ], [ 116.491000475000078, 40.978005384000028 ], [ 116.475377826000113, 40.894318662000046 ], [ 116.368859756, 40.913640393000037 ], [ 116.397264576000111, 40.763211518000048 ], [ 116.243878556000027, 40.751377644000058 ], [ 115.934266037000043, 40.627533764000077 ], [ 115.898760014000118, 40.542325075000065 ], [ 115.993916155000079, 40.44511963900004 ], [ 115.914382663000083, 40.306629434000058 ], [ 115.760996643000112, 40.268711473000053 ], [ 115.606084976000034, 40.115511757000036 ], [ 115.540204660000086, 39.950909412000044 ], [ 115.571411125000054, 39.831191268000055 ], [ 115.841867159000117, 39.628526125000064 ], [ 116.275290290000044, 39.668573008000067 ], [ 116.552681095000025, 39.575094204000038 ], [ 116.559615864000079, 39.649887350000029 ], [ 116.660170031, 39.695258042000034 ], [ 116.904218094000043, 39.706282785000042 ], [ 116.916895221000118, 39.601708454000061 ], [ 116.86141706, 39.406514319000053 ], [ 116.896923083000047, 39.33446254100005 ], [ 116.879170072000079, 39.155728793000037 ], [ 116.808158025000012, 39.083418795000057 ], [ 116.792624140000044, 38.962737271000037 ], [ 116.921333473000118, 38.824563399000056 ], [ 117.034508921000111, 38.789977941000075 ], [ 117.160999127000082, 38.817647651000073 ], [ 117.518278483000017, 38.677459283000076 ], [ 117.647759170000086, 38.689026059000071 ], [ 117.641873424000096, 38.649965381000072 ], [ 117.883276169000055, 38.303390748000027 ], [ 117.793571520000114, 38.165991061000057 ], [ 117.603948899000102, 38.136167798000031 ], [ 117.582277744000066, 37.991138578000061 ], [ 117.511846485000092, 37.935610286000042 ], [ 117.23012144900008, 37.956972290000067 ], [ 116.942978624000034, 37.918516211000053 ], [ 116.547480017000112, 37.657339549000028 ], [ 116.433706446000087, 37.708791481000048 ], [ 116.298261717000059, 37.47697691500008 ], [ 116.135728042000096, 37.451175186000057 ], [ 115.778153959000065, 36.924612147000062 ], [ 115.469339977000118, 36.738146447000076 ], [ 115.431415454000103, 36.52075497900006 ], [ 115.610202496000056, 36.307117063000078 ], [ 115.58311355, 36.211007005000056 ], [ 115.549446464000084, 36.220232033000059 ] ] ] ] } },
{ "type": "Feature", "properties": { "province": "Liaoning Province" }, "geometry": { "type": "MultiPolygon", "coordinates": [ [ [ [ 122.725858100000096, 39.231402500000058 ], [ 122.609398345000045, 39.224801496000055 ], [ 122.539806540000086, 39.286386726000046 ], [ 122.723017618000085, 39.281989575000068 ], [ 122.725858100000096, 39.231402500000058 ] ] ], [ [ [ 119.971269832000075, 40.07433721700005 ], [ 119.856971449000071, 40.128773067000054 ], [ 119.855551207000076, 40.280630838000036 ], [ 119.712106875000018, 40.39105578200008 ], [ 119.679707629000063, 40.591346816000055 ], [ 119.373468180000032, 40.646933215000047 ], [ 119.284703123000099, 40.752924236000069 ], [ 119.100515630000018, 40.786536905000048 ], [ 118.9562724110001, 40.961048615000038 ], [ 119.080543492000061, 41.05649924800008 ], [ 119.071666987000071, 41.165177677000031 ], [ 119.27138836600011, 41.253659220000031 ], [ 119.284704987000055, 41.386532460000069 ], [ 119.454882382000051, 41.454384054000059 ], [ 119.493023618000052, 41.571222200000079 ], [ 119.378599911000038, 41.724090389000025 ], [ 119.458349767000072, 42.177947594000045 ], [ 119.385534680000092, 42.278080672000044 ], [ 119.375132526000016, 42.370370206000075 ], [ 119.62131686400005, 42.465082241000061 ], [ 119.749610111000038, 42.357560310000054 ], [ 119.978457526000057, 42.32680590700005 ], [ 119.940316289000066, 42.213911075000055 ], [ 120.092881230000103, 42.046764727000038 ], [ 120.207304938000107, 41.843024046000039 ], [ 120.609521604000065, 42.193363021000039 ], [ 120.949325338000108, 42.370370206000075 ], [ 121.179689733000032, 42.375973712000075 ], [ 121.564352762000112, 42.607679533000066 ], [ 121.786482116000116, 42.55981083000006 ], [ 121.986940315000084, 42.627613980000035 ], [ 122.003193682000074, 42.755043295000064 ], [ 122.127802833000032, 42.790835680000043 ], [ 122.393274500000075, 42.735149699000033 ], [ 122.490794706000088, 42.774930506000032 ], [ 122.463705760000039, 42.858387075000053 ], [ 122.490794706000088, 42.945696946000055 ], [ 122.723759639000036, 42.898088707000056 ], [ 122.864622156000109, 42.790835680000043 ], [ 123.205942873000026, 42.862358389000065 ], [ 123.314298656000119, 43.036843230000045 ], [ 123.688126106000027, 43.151574119000031 ], [ 123.8099180050001, 43.429513536000059 ], [ 123.783858870000017, 43.439835210000069 ], [ 123.859210353000094, 43.538052335000032 ], [ 124.363395876000027, 43.321457821000081 ], [ 124.502579487000048, 43.148660434000078 ], [ 124.474174669000035, 42.988880168000037 ], [ 124.545186713000021, 42.948350245000029 ], [ 124.682950084000026, 43.005500102000042 ], [ 124.742600202000062, 43.110309684000072 ], [ 124.915869593000025, 43.173523739000075 ], [ 124.978360193000071, 43.080234179000058 ], [ 124.962737544000106, 42.915074978000064 ], [ 125.074936576000027, 42.814099493000072 ], [ 125.059313927000062, 42.724436725000032 ], [ 125.197077295000099, 42.631509540000025 ], [ 125.401591987000074, 42.259462811000049 ], [ 125.560392674000013, 42.215760073000069 ], [ 125.396177318000014, 41.904369449000058 ], [ 125.44943635300001, 41.715808536000054 ], [ 125.538201411000045, 41.689299438000035 ], [ 125.675787250000099, 41.441908872000056 ], [ 125.842221732000098, 41.275343964000058 ], [ 125.790737999000044, 41.068010955000034 ], [ 125.729667640000116, 40.996230723000053 ], [ 125.780430228000114, 40.862828974000081 ], [ 125.311295732000076, 40.638514007000026 ], [ 125.151796021000109, 40.601667484000075 ], [ 125.051241854000068, 40.480457276000038 ], [ 124.874405216000014, 40.44088479800007 ], [ 124.499927631000105, 40.173823521000031 ], [ 124.440982085000087, 39.966856031000077 ], [ 124.111580506000109, 39.847165767000035 ], [ 123.811721046000116, 39.873036568000032 ], [ 123.663039576000074, 39.799763914000039 ], [ 123.398963529000071, 39.821924357000057 ], [ 123.323513231000106, 39.716171898000027 ], [ 123.143763990000025, 39.729826503000027 ], [ 122.300495946000069, 39.339611562000073 ], [ 122.149595348000048, 39.184976022000058 ], [ 121.954312221, 39.079973610000025 ], [ 121.656949280000049, 38.988614939000058 ], [ 121.215343121000046, 38.760567101000049 ], [ 121.144331074000092, 38.853947838000067 ], [ 121.233096132000014, 39.021379741000032 ], [ 121.350709832, 39.016207361000056 ], [ 121.483857417000081, 39.109252314000059 ], [ 121.634758016000092, 39.143682280000064 ], [ 121.805769447000102, 39.403835152000056 ], [ 121.625465424000026, 39.406514319000053 ], [ 121.316868154000076, 39.609829642000079 ], [ 121.486770021000098, 39.676579602000061 ], [ 121.53531341300004, 39.887085755000044 ], [ 121.951399619000085, 40.096947517000046 ], [ 122.329344589000016, 40.53581957800003 ], [ 121.993008239000119, 40.906353476000049 ], [ 121.826573757, 40.958744370000034 ], [ 121.563052492000111, 40.91159443500004 ], [ 121.219781373000046, 40.956125811000049 ], [ 121.039477350000084, 40.890628107000055 ], [ 121.011738271000013, 40.751558361000036 ], [ 120.616456374000109, 40.488368974000025 ], [ 120.540173902000106, 40.258551263000072 ], [ 119.971269832000075, 40.07433721700005 ] ] ] ] } },
{ "type": "Feature", "properties": { "province": "Jilin Province" }, "geometry": { "type": "Polygon", "coordinates": [ [ [ 125.780430228000114, 40.862828974000081 ], [ 125.729667640000116, 40.996230723000053 ], [ 125.790737999000044, 41.068010955000034 ], [ 125.842221732000098, 41.275343964000058 ], [ 125.675787250000099, 41.441908872000056 ], [ 125.538201411000045, 41.689299438000035 ], [ 125.44943635300001, 41.715808536000054 ], [ 125.396177318000014, 41.904369449000058 ], [ 125.560392674000013, 42.215760073000069 ], [ 125.401591987000074, 42.259462811000049 ], [ 125.197077295000099, 42.631509540000025 ], [ 125.059313927000062, 42.724436725000032 ], [ 125.074936576000027, 42.814099493000072 ], [ 124.962737544000106, 42.915074978000064 ], [ 124.978360193000071, 43.080234179000058 ], [ 124.915869593000025, 43.173523739000075 ], [ 124.742600202000062, 43.110309684000072 ], [ 124.682950084000026, 43.005500102000042 ], [ 124.545186713000021, 42.948350245000029 ], [ 124.474174669000035, 42.988880168000037 ], [ 124.502579487000048, 43.148660434000078 ], [ 124.363395876000027, 43.321457821000081 ], [ 123.859210353000094, 43.538052335000032 ], [ 123.783858870000017, 43.439835210000069 ], [ 123.466646886000035, 43.56533746000008 ], [ 123.487451196000052, 43.665750779000064 ], [ 123.594940132000033, 43.713388364000025 ], [ 123.538768495000113, 43.96738206100008 ], [ 123.385648770000103, 44.099800336000044 ], [ 123.407701340000017, 44.192655180000031 ], [ 123.230864703000066, 44.532268619000035 ], [ 123.161517001000107, 44.556980822000071 ], [ 122.419496600000116, 44.292015875000061 ], [ 122.298138124000047, 44.413504022000041 ], [ 122.370953210000039, 44.482812742000078 ], [ 122.336279360000049, 44.57180310800004 ], [ 122.142105797000113, 44.756763024000065 ], [ 122.121301487000096, 45.105337367000061 ], [ 122.145157095000059, 45.207933704000027 ], [ 122.271647302000019, 45.243881788000067 ], [ 122.316029831000037, 45.406145853000055 ], [ 122.282742933, 45.499548323000056 ], [ 122.111870199, 45.555515555000056 ], [ 122.017279934000044, 45.740509293000059 ], [ 121.843910681000011, 45.767122063000045 ], [ 121.77456298200002, 45.827558436000061 ], [ 121.861247608000099, 45.902408506000029 ], [ 121.94099746400002, 46.078270295000038 ], [ 122.145573182000021, 46.046993334000035 ], [ 122.353616284000054, 45.885515686000076 ], [ 122.47150737700008, 45.974748107000039 ], [ 122.54085507700006, 45.977157801000033 ], [ 122.721159099000033, 45.80822592800007 ], [ 122.828648037000107, 45.815476405000027 ], [ 122.904930508, 46.010882517000027 ], [ 122.845984961000113, 46.097508848000075 ], [ 122.904930508, 46.167192356000044 ], [ 123.151114846000041, 46.196001122000041 ], [ 123.167232208000087, 46.29186184200006 ], [ 123.366092719000108, 46.335030706000055 ], [ 123.879265707000059, 46.349392954000052 ], [ 124.104645735000076, 46.18880034600005 ], [ 124.115047890000028, 46.085485538000057 ], [ 124.059569729000032, 45.97233830700003 ], [ 124.191330361000041, 45.796139703000051 ], [ 124.513797170000089, 45.527150237000058 ], [ 124.701035964000084, 45.493131855000058 ], [ 125.009633234000034, 45.578139259000068 ], [ 125.148328635000098, 45.468820422000078 ], [ 125.439588979000064, 45.446931164000034 ], [ 125.540143146000105, 45.558720325000081 ], [ 125.713512399000024, 45.558720325000081 ], [ 125.782860100000107, 45.524721034000038 ], [ 125.779392715000085, 45.395823182000072 ], [ 125.908795524000084, 45.290736428000059 ], [ 126.294923524000069, 45.214187177000042 ], [ 126.547903938000104, 45.329752419000044 ], [ 126.689928028000054, 45.312588692000077 ], [ 126.794226971000057, 45.223566099000038 ], [ 127.029454373000021, 45.170398423000051 ], [ 127.113781178000067, 44.985489922000056 ], [ 127.047207384000103, 44.862933773000066 ], [ 127.138191568000025, 44.716467424000029 ], [ 127.309064304000117, 44.688076169000055 ], [ 127.433335383000099, 44.714890498000045 ], [ 127.586455108000109, 44.631251891000034 ], [ 127.562044717000049, 44.490530622000051 ], [ 127.87494154400008, 44.109361274000037 ], [ 128.068005542000037, 44.138034808000043 ], [ 128.130141084000115, 44.258947400000068 ], [ 128.101292439000076, 44.511106641000026 ], [ 128.154551474000073, 44.64388432100003 ], [ 128.427504025000076, 44.582275247000041 ], [ 128.487420440000051, 44.506358973000033 ], [ 128.447476162000044, 44.231922706000034 ], [ 128.605034140000043, 44.004105916000071 ], [ 128.795879014000093, 43.92104568700006 ], [ 128.956455002000098, 43.587450812000043 ], [ 129.158129212000063, 43.579220547000034 ], [ 129.312935472000049, 43.656335121000041 ], [ 129.339920049000057, 43.815391815000055 ], [ 129.578520524000055, 43.881967264000025 ], [ 129.812860274000059, 43.865586355000062 ], [ 129.89665448900007, 44.010809559000052 ], [ 130.031577376000087, 44.000594182000043 ], [ 130.169340746000103, 43.878896186000077 ], [ 130.392318570000043, 43.959715086000074 ], [ 130.52724145600007, 43.650169596000069 ], [ 130.731756148000045, 43.596708518000071 ], [ 130.952869906000046, 43.428304843000035 ], [ 131.322454637000078, 43.451513834000025 ], [ 131.175510700000018, 43.056639752000081 ], [ 130.91003903100011, 42.830580735000069 ], [ 130.552464949000068, 42.766976388000046 ], [ 130.503704846000119, 42.667463725000061 ], [ 130.574136104000104, 42.547837911000045 ], [ 130.362842328000056, 42.587738707000028 ], [ 130.102788449000059, 42.945696946000055 ], [ 129.913165830000025, 42.945696946000055 ], [ 129.680200896000088, 42.395982159000027 ], [ 129.284702288000062, 42.355958890000068 ], [ 129.170928717000038, 42.11930254400005 ], [ 128.683327694000013, 41.974466216000053 ], [ 128.157802148000087, 41.998628534000034 ], [ 128.087370890000102, 41.914020304000076 ], [ 128.304082454000081, 41.558250599000075 ], [ 128.195726673000081, 41.37962707500003 ], [ 127.301791463000086, 41.521754009000063 ], [ 127.009230850000108, 41.760634248000031 ], [ 126.629985610000062, 41.635231306000037 ], [ 126.494540882000024, 41.306412003000048 ], [ 125.92567302100008, 40.88178094400007 ], [ 125.780430228000114, 40.862828974000081 ] ] ] } },
{ "type": "Feature", "properties": { "province": "Xinjiang Uyghur Autonomous Region" }, "geometry": { "type": "Polygon", "coordinates": [ [ [ 89.820248373000084, 36.299024618000033 ], [ 89.323129919000053, 36.228641310000057 ], [ 88.245312244000047, 36.52787212700008 ], [ 87.834868933000052, 36.546048983000048 ], [ 87.45189623400006, 36.504495605000045 ], [ 87.240210904000037, 36.345868719000066 ], [ 86.28358711900006, 36.185613820000071 ], [ 85.57904663100004, 35.748794418000045 ], [ 85.152444131000038, 35.78681759300008 ], [ 84.203742226000031, 35.43479658900003 ], [ 84.061437975000047, 35.491401497000027 ], [ 83.70865580800006, 35.475771743000053 ], [ 83.274876046000031, 35.684769577000054 ], [ 83.062867532000041, 35.668807842000035 ], [ 82.910841914000059, 35.717523135000079 ], [ 82.610927430000061, 35.674688852000031 ], [ 82.437183867000044, 35.736833029000024 ], [ 82.295500129000061, 35.72172133600003 ], [ 82.006961710000041, 35.528375316000051 ], [ 81.896303608000039, 35.252684018000025 ], [ 81.599039232000052, 35.16702430600003 ], [ 81.440679213000067, 35.322749928000064 ], [ 81.148197954000068, 35.368882192000058 ], [ 80.984990181000057, 35.306927087000076 ], [ 80.445273384000075, 35.417621933000078 ], [ 80.266423519000057, 35.509856862000049 ], [ 80.205406434000054, 35.340467833000048 ], [ 79.986352514000032, 35.085082599000032 ], [ 80.01668783100007, 34.976729835000071 ], [ 79.853203411000038, 34.914337604000025 ], [ 79.94272271400007, 34.66882389400007 ], [ 79.773051266000039, 34.406594068000061 ], [ 79.477338170000053, 34.462570191000054 ], [ 79.20586385200005, 34.43192124400008 ], [ 78.983566923000069, 34.355753483000058 ], [ 78.806727433000049, 34.388189372000056 ], [ 78.650695106000057, 34.522566613000038 ], [ 78.435717232000059, 34.556841026000029 ], [ 78.283152291000079, 34.631053822000069 ], [ 77.984957175000034, 35.245020393000061 ], [ 78.047370107000063, 35.530525641000054 ], [ 77.908674705000067, 35.451476945000024 ], [ 77.260273701000074, 35.493834132000075 ], [ 76.684687782000083, 35.677123891000065 ], [ 76.518319874000042, 35.829971108000052 ], [ 76.211547835000033, 35.829971108000052 ], [ 75.949602152000068, 36.115303961000052 ], [ 75.977341231000082, 36.30275099000005 ], [ 75.845580600000062, 36.695759813000052 ], [ 75.661809192000078, 36.790229101000079 ], [ 75.474570399000072, 36.743008992000057 ], [ 75.350611383000057, 36.946264697000061 ], [ 75.155570974000057, 37.011185427000044 ], [ 74.933441620000053, 36.985223782000048 ], [ 74.543360802000052, 37.084695272000033 ], [ 74.445840597000029, 37.248753797000063 ], [ 75.101393083000062, 37.390936533000058 ], [ 75.101393083000062, 37.532850107000058 ], [ 74.955112775000032, 37.605851937000068 ], [ 74.884681517000047, 38.076484700000037 ], [ 74.770907946000079, 38.268149635000043 ], [ 74.825085837000074, 38.484760036000068 ], [ 74.78716131200008, 38.561055852000038 ], [ 74.310395868000057, 38.742990501000065 ], [ 74.072013147000064, 38.730312382000079 ], [ 73.893226105000053, 38.590704601000027 ], [ 73.709021274000065, 38.920247754000059 ], [ 73.77945253200005, 39.097063301000048 ], [ 73.606083281000053, 39.340509919000056 ], [ 73.627754436000032, 39.53298755700007 ], [ 73.828212635000057, 39.578935999000066 ], [ 73.898643893000042, 39.791571799000053 ], [ 73.844466002000047, 39.928810557000077 ], [ 73.893226105000053, 40.053334792000044 ], [ 74.055759779000084, 40.181771247000029 ], [ 74.359155971000064, 40.185910320000062 ], [ 74.445840597000029, 40.334748669000078 ], [ 74.798430314000029, 40.409210031000043 ], [ 74.829636779000055, 40.58850308600006 ], [ 75.214516520000075, 40.53581957800003 ], [ 75.571657180000045, 40.691116635000071 ], [ 75.713819968000053, 40.388085235000062 ], [ 75.859450139000046, 40.348458379000078 ], [ 76.018949851000059, 40.475182293000046 ], [ 76.303275426000084, 40.446162474000062 ], [ 76.52518806900008, 40.633251462000032 ], [ 76.79911148900004, 41.076471945000037 ], [ 77.045295827000075, 41.105217789000051 ], [ 77.450979878000055, 41.050328446000037 ], [ 78.064707032000058, 41.105217789000051 ], [ 78.466923697000084, 41.49335353500004 ], [ 79.193964995000044, 41.798579022000069 ], [ 79.509080949000065, 41.856454840000026 ], [ 79.886332443000072, 42.047897661000036 ], [ 80.134519196000042, 42.026806313000066 ], [ 80.253710557000034, 42.151443546000053 ], [ 80.21578603200004, 42.423983270000065 ], [ 80.237457190000043, 42.511905373000047 ], [ 80.167025929000033, 42.655511482000065 ], [ 80.269963923000034, 42.83852668000003 ], [ 80.505468717000042, 42.91201951100004 ], [ 80.423361039000042, 43.048392506000027 ], [ 80.785078647000034, 43.181226720000041 ], [ 80.667464945000063, 43.352511893000042 ], [ 80.706854441000075, 43.530153187000053 ], [ 80.30463777500006, 44.142911906000052 ], [ 80.367050705000054, 44.252291735000028 ], [ 80.297703004000084, 44.55203922100003 ], [ 80.432931021000059, 44.75183841900008 ], [ 80.200616223000054, 44.847792536000043 ], [ 79.971768810000071, 44.835499643000048 ], [ 79.888551569000072, 44.921494806000055 ], [ 80.079257747000042, 45.08575561300006 ], [ 81.670787485000062, 45.393388314000049 ], [ 81.944710904000033, 45.205588474000081 ], [ 82.308786334000047, 45.254427454000052 ], [ 82.492557742000031, 45.176264942000046 ], [ 82.606981448000056, 45.22512910100005 ], [ 82.617383604000054, 45.434766793000051 ], [ 82.339992799000072, 45.56843063000008 ], [ 82.509894667000083, 45.994022728000061 ], [ 82.530698977000043, 46.16479094400006 ], [ 82.995328574000041, 46.953935427000033 ], [ 83.050806735000037, 47.251320133000036 ], [ 83.256181577000063, 47.25586166100004 ], [ 83.948859463000076, 47.024891995000075 ], [ 84.680477709000058, 47.036708932000067 ], [ 84.92926258600005, 46.857698242000026 ], [ 85.23265877800003, 47.016766333000078 ], [ 85.579397283000048, 47.090590507000059 ], [ 85.769019904000061, 47.278379674000064 ], [ 85.59023286200005, 47.498457857000062 ], [ 85.563143915000069, 47.943117906000055 ], [ 85.774437692000049, 48.434334714000045 ], [ 86.267456504000052, 48.434334714000045 ], [ 86.706297425000059, 48.577914657000065 ], [ 86.803817628000047, 48.799660033000066 ], [ 86.823321670000041, 49.050833228000045 ], [ 87.287951267000039, 49.150722110000061 ], [ 87.537602990000039, 49.053105663000053 ], [ 87.65896146700004, 49.137112737000052 ], [ 87.936352272000079, 49.148454140000069 ], [ 87.92595011700007, 49.005362718000072 ], [ 87.804591638000034, 48.841324720000046 ], [ 88.07851505800005, 48.672168427000031 ], [ 88.102786754000078, 48.516225131000056 ], [ 88.602090200000077, 48.341365757000062 ], [ 88.927590972000075, 47.903181248000067 ], [ 89.317671792000056, 47.906813128000067 ], [ 89.442280940000046, 48.008402302000036 ], [ 89.832361760000083, 47.779545700000028 ], [ 90.103251217000036, 47.797745878000057 ], [ 90.422900775000073, 47.502118042000063 ], [ 90.596270028000049, 47.109030583000049 ], [ 91.051364316000047, 46.675858452000057 ], [ 91.067617684000083, 46.471021225000072 ], [ 90.925238186000058, 46.222395898000059 ], [ 91.040528739000081, 45.949892014000056 ], [ 90.693790233000072, 45.518799414000057 ], [ 90.710043599000073, 45.229555342000026 ], [ 90.84548833000008, 45.130263789000026 ], [ 92.102415410000049, 44.904306055000063 ], [ 92.996350619000054, 44.946501392000073 ], [ 93.51645837500007, 44.877438341000072 ], [ 93.966134873000044, 44.592640558000028 ], [ 94.548655563000068, 44.40111881100006 ], [ 94.697753121000062, 44.294497743000079 ], [ 94.954339614000048, 44.210055415000056 ], [ 95.374760052000056, 44.174472660000049 ], [ 95.331417737000038, 43.991559491000032 ], [ 95.548129303000053, 43.874510730000054 ], [ 95.943627911000078, 43.123900137000078 ], [ 96.344544308000081, 42.802761878000069 ], [ 96.403961806000041, 42.659924658000079 ], [ 96.284443929000076, 42.401205714000071 ], [ 96.367291317000081, 42.223246817000074 ], [ 96.051682225000036, 42.003755493000028 ], [ 95.507256540000071, 41.921617250000054 ], [ 95.183757220000075, 41.733475198000065 ], [ 94.891818809000085, 41.671620634000078 ], [ 94.635386420000032, 41.541827700000056 ], [ 94.473163348000071, 41.326506219000066 ], [ 94.094905850000032, 41.109281843000076 ], [ 93.708284711000033, 40.781496089000029 ], [ 93.634905596000067, 40.609686082000053 ], [ 93.405142178000062, 40.45616734400005 ], [ 92.948140211000066, 40.419654968000032 ], [ 92.885018394000042, 40.049575988000072 ], [ 92.919261980000044, 39.454126755000061 ], [ 92.888933918000077, 39.220515095000053 ], [ 92.617707354000061, 39.04359751800007 ], [ 92.634276310000075, 39.024638795000044 ], [ 92.434013, 39.078442364000068 ], [ 92.126294134000034, 38.919011298000044 ], [ 91.865916634000087, 38.857596038000054 ], [ 90.694217877000085, 38.688430433000065 ], [ 90.232639579000079, 38.407658058000038 ], [ 90.339157648000082, 37.833483744000034 ], [ 91.179466857000079, 37.455505147000054 ], [ 91.236276493000048, 37.38469449400003 ], [ 91.112557729000059, 37.266234983000061 ], [ 91.147905947000083, 37.091216939000049 ], [ 90.672421913000051, 36.822069320000026 ], [ 90.790383966000036, 36.526573616000064 ], [ 91.013380727000083, 36.538259425000035 ], [ 91.089328900000055, 36.503196703000071 ], [ 91.079633389000037, 36.442123699000035 ], [ 90.575864468000077, 36.217830638000066 ], [ 90.31943208000007, 36.185995916000024 ], [ 89.976207192000061, 36.300540305000027 ], [ 89.820248373000084, 36.299024618000033 ] ] ] } },
{ "type": "Feature", "properties": { "province": "Inner Mongolia Autonomous Region" }, "geometry": { "type": "Polygon", "coordinates": [ [ [ 107.581406551000043, 37.825796156000024 ], [ 107.509740882000074, 38.081431724000026 ], [ 107.246219619000044, 38.239559692000057 ], [ 106.934154965000062, 38.228665326000055 ], [ 106.635959849000074, 38.386473815000045 ], [ 107.066192987000079, 39.116139653000062 ], [ 106.873128987000086, 39.264054586000043 ], [ 106.873128987000086, 39.404799664000052 ], [ 106.66009284900008, 39.432229076000056 ], [ 106.520287885000073, 39.34304403200008 ], [ 106.380482919000087, 39.341327817000035 ], [ 106.320566506000034, 39.241715328000055 ], [ 106.091996483000059, 39.131633706000059 ], [ 106.096434735000059, 38.966188174000024 ], [ 105.905589863000046, 38.757106205000071 ], [ 105.905589863000046, 38.293571616000065 ], [ 105.452888070000085, 38.003878531000055 ], [ 105.095608715000083, 37.674404965000065 ], [ 104.598524395000084, 37.619935626000029 ], [ 104.509759337000048, 37.546074755000063 ], [ 104.305599705000077, 37.526718133000031 ], [ 103.979388120000067, 37.623450982000065 ], [ 103.963854234000053, 37.693723191000061 ], [ 103.635423523000043, 37.799006739000049 ], [ 103.617670511000085, 38.054570480000052 ], [ 103.726407706000032, 38.223871289000044 ], [ 103.730845959000078, 38.422340870000028 ], [ 104.021551522000038, 38.465792222000061 ], [ 104.139165222000088, 38.56476346200003 ], [ 104.154699107000056, 38.772678916000075 ], [ 104.121412212000052, 38.87468248700003 ], [ 104.247902417000034, 39.007585885000026 ], [ 104.219192469000063, 39.21603787500004 ], [ 103.834312729000033, 39.454721705000054 ], [ 103.380085287000043, 39.468106727000077 ], [ 102.832238449000045, 39.08428006500003 ], [ 102.374543623000079, 38.944185794000077 ], [ 101.60825152600006, 38.922608203000038 ], [ 101.393273653000051, 38.960364679000065 ], [ 101.278849946000037, 39.035817302000055 ], [ 101.119350233000034, 39.043896740000037 ], [ 100.918241900000055, 39.154223091000063 ], [ 100.897437590000038, 39.377037831000052 ], [ 100.925176672000077, 39.457398916000045 ], [ 100.887035435000087, 39.526970235000078 ], [ 100.440392898000084, 39.537165945000027 ], [ 100.288694802000066, 39.683251054000038 ], [ 99.979880822000041, 39.795734581000033 ], [ 99.817347147000078, 39.97864749300004 ], [ 100.001551978000066, 40.173492346000046 ], [ 100.434975110000039, 40.45440801500007 ], [ 100.418721743000049, 40.758781416000033 ], [ 100.136996706000048, 40.914542291000032 ], [ 99.058856667000043, 40.861296863000064 ], [ 98.60918016800008, 40.561507969000047 ], [ 98.403304182000056, 40.536807776000046 ], [ 98.235352718000058, 40.614993795000032 ], [ 97.996969997000065, 40.844905035000068 ], [ 97.78025843100005, 40.975926078000043 ], [ 97.428102136000064, 41.460880594000059 ], [ 97.401013190000072, 41.679757113000051 ], [ 97.574382442000058, 41.958352909000041 ], [ 97.406430980000039, 42.167507931000046 ], [ 97.366650563000064, 42.545983491000072 ], [ 99.302657178000061, 42.447974272000067 ], [ 100.337454905000072, 42.575771148000058 ], [ 101.847501095000041, 42.411344316000054 ], [ 102.228913451000039, 42.093095564000066 ], [ 103.095759712000074, 41.966893470000059 ], [ 103.799638879000042, 41.786170256000048 ], [ 104.572865745000058, 41.804265572000077 ], [ 104.607539595000048, 41.630858022000041 ], [ 105.002821492000066, 41.568628089000072 ], [ 105.911276375000057, 42.026162389000035 ], [ 106.844002952000039, 42.301165747000027 ], [ 107.242752233000033, 42.360122499000056 ], [ 107.395317175000059, 42.459966330000043 ], [ 107.901555392000034, 42.388299669000048 ], [ 108.234424359000059, 42.43693955100008 ], [ 109.423087297000052, 42.467959758000063 ], [ 110.419293027000037, 42.785116650000077 ], [ 111.067277944000068, 43.364007877000063 ], [ 111.583918317000041, 43.51003866800005 ], [ 112.00000452300003, 43.728423951000025 ], [ 112.027743604000079, 43.836068565000062 ], [ 111.44175553000008, 44.371383603000027 ], [ 111.920254666000062, 45.071064890000059 ], [ 112.551318746000106, 45.041672113000061 ], [ 112.731622769000069, 44.882198679000055 ], [ 113.647012423000092, 44.810905990000037 ], [ 114.503456529, 45.205588474000081 ], [ 114.652554087000112, 45.444498499000076 ], [ 115.64169640700004, 45.44651470000008 ], [ 116.271129428000108, 45.786565550000034 ], [ 116.253376417000027, 45.908681674000036 ], [ 116.419810899000026, 46.176700918000051 ], [ 116.847480945000029, 46.456630293000046 ], [ 117.326102134000053, 46.436079831000029 ], [ 117.519254899000089, 46.628558008000027 ], [ 117.767797059000031, 46.579770272000076 ], [ 118.397052550000012, 46.78031102500006 ], [ 119.522149651000063, 46.667739303000076 ], [ 119.870552503000113, 46.755991097000049 ], [ 119.926030664000109, 46.880514671000071 ], [ 119.72852841100007, 47.199609750000036 ], [ 119.169308549000107, 47.563237595000032 ], [ 119.080404797000028, 47.782895011000051 ], [ 118.823818302000063, 47.787554563000072 ], [ 118.459742873000096, 47.989840920000063 ], [ 117.76973324700009, 48.006082494000054 ], [ 117.412592587000063, 47.663935276000075 ], [ 117.045049772000084, 47.859724219000043 ], [ 116.247551211000086, 47.859724219000043 ], [ 115.966693021000083, 47.670940428000051 ], [ 115.599150206000104, 47.903907644000071 ], [ 115.507749936000096, 48.15582029400008 ], [ 115.833961521000106, 48.27559218600004 ], [ 115.913850072000059, 48.618559903000062 ], [ 116.082503682000038, 48.731392184000072 ], [ 116.124667084000066, 48.803062996000051 ], [ 116.058093290000102, 48.871712372000047 ], [ 116.728269473000069, 49.848704773000065 ], [ 117.067795818000036, 49.70827203500005 ], [ 117.875557840000056, 49.574627704000079 ], [ 118.006486299000017, 49.597646405000035 ], [ 118.581240043000093, 49.944480742000053 ], [ 119.128387857, 50.009785068000042 ], [ 119.300237009000057, 50.121236500000066 ], [ 119.324647398000025, 50.188062654000078 ], [ 119.191499813000064, 50.423339892000058 ], [ 119.27138836600011, 50.567330837000043 ], [ 119.522149651000063, 50.804938710000044 ], [ 120.099122524000109, 51.655343789000028 ], [ 120.631712869000012, 51.912060673000042 ], [ 120.753764822000107, 52.240758009000047 ], [ 120.631712869000012, 52.353400991000058 ], [ 120.689410156, 52.486032508000051 ], [ 120.576234708000015, 52.569736294000052 ], [ 120.119691565000039, 52.612410204000071 ], [ 120.147939513000097, 52.830647749000036 ], [ 120.435759561000054, 52.963421383000082 ], [ 120.808232564000036, 53.242949827000075 ], [ 121.593072279000012, 53.40578626000007 ], [ 121.916509057000098, 53.080129296000052 ], [ 121.336805618000085, 52.661541113000055 ], [ 121.629366232000052, 52.503527925000071 ], [ 121.79731769600005, 52.47053678900005 ], [ 121.932762424000089, 52.344944699000052 ], [ 122.068207153000117, 52.335014301000058 ], [ 122.192816303000086, 52.384643992000065 ], [ 122.246994194000081, 52.513420441000051 ], [ 122.35534997700006, 52.529903020000063 ], [ 122.496212495, 52.460634622000043 ], [ 122.599150489000067, 52.32839279600006 ], [ 122.7887731080001, 52.298583760000042 ], [ 122.839903493000065, 52.254039843000044 ], [ 122.7806464250001, 52.082699790000049 ], [ 122.873764675000075, 51.968106310000053 ], [ 122.822972901000071, 51.779955915000073 ], [ 123.034605291000048, 51.475166979000051 ], [ 123.237772384000095, 51.369592228000045 ], [ 123.39861299800009, 51.332583433000082 ], [ 123.550988319000112, 51.374876758000028 ], [ 123.661037161000081, 51.295544742000061 ], [ 123.821877774000086, 51.295544742000061 ], [ 123.923461322000094, 51.380160679000028 ], [ 124.092767233000018, 51.359021337000058 ], [ 124.185885483000106, 51.406571133000057 ], [ 124.405983168000034, 51.369592228000045 ], [ 124.617615555000043, 51.422410089000039 ], [ 124.880039717000045, 51.401290263000078 ], [ 125.150929173, 51.67508755700004 ], [ 125.540332769000088, 51.633072079000044 ], [ 125.946666955000069, 51.189555093000081 ], [ 126.090576979000048, 51.189555093000081 ], [ 126.107507570000053, 51.062044982000032 ], [ 126.073646387000053, 50.934182698000029 ], [ 125.87894459000006, 50.859433596000031 ], [ 125.862013998000066, 50.725654506000069 ], [ 125.91280577200007, 50.682764310000039 ], [ 125.862013998000066, 50.553858246000061 ], [ 125.608055132000118, 50.435383855000055 ], [ 125.514936883000018, 50.251702326000043 ], [ 125.362561563000099, 50.17044043900006 ], [ 125.269443312000021, 49.679959816000064 ], [ 125.379492154000104, 49.471368209000048 ], [ 125.277908606000096, 49.228726584000071 ], [ 125.184790356, 49.184481310000081 ], [ 124.990088558000025, 49.223198090000039 ], [ 124.847532981000086, 49.091437334000034 ], [ 124.630821417000107, 48.502585907000025 ], [ 124.592896892000113, 48.23624785800007 ], [ 124.45203437400005, 48.358792373000028 ], [ 124.424945428000115, 48.542057804000081 ], [ 124.262411755000016, 48.563574966000033 ], [ 123.487667908000049, 48.037391096000079 ], [ 123.352223179000021, 47.997527302000037 ], [ 123.292627499000105, 47.84503651700004 ], [ 122.648344014000031, 47.582139028000029 ], [ 122.56859415800011, 47.415816259000053 ], [ 122.703822175000028, 47.175951221000048 ], [ 122.877191426000081, 47.131150244000025 ], [ 123.137245306000068, 46.88288465200003 ], [ 123.522125047000031, 46.790377780000028 ], [ 123.646950909000111, 46.87103369700003 ], [ 123.598407518000045, 46.735747788000026 ], [ 123.414636109000071, 46.647748506000028 ], [ 123.144180077000101, 46.678683511000031 ], [ 123.029756370000086, 46.378106129000059 ], [ 123.168451770000047, 46.299108582000031 ], [ 123.151114846000041, 46.196001122000041 ], [ 122.904930508, 46.167192356000044 ], [ 122.845984961000113, 46.097508848000075 ], [ 122.904930508, 46.010882517000027 ], [ 122.828648037000107, 45.815476405000027 ], [ 122.721159099000033, 45.80822592800007 ], [ 122.54085507700006, 45.977157801000033 ], [ 122.47150737700008, 45.974748107000039 ], [ 122.353616284000054, 45.885515686000076 ], [ 122.145573182000021, 46.046993334000035 ], [ 121.94099746400002, 46.078270295000038 ], [ 121.861247608000099, 45.902408506000029 ], [ 121.77456298200002, 45.827558436000061 ], [ 121.843910681000011, 45.767122063000045 ], [ 122.017279934000044, 45.740509293000059 ], [ 122.111870199, 45.555515555000056 ], [ 122.282742933, 45.499548323000056 ], [ 122.316029831000037, 45.406145853000055 ], [ 122.271647302000019, 45.243881788000067 ], [ 122.145157095000059, 45.207933704000027 ], [ 122.121301487000096, 45.105337367000061 ], [ 122.142105797000113, 44.756763024000065 ], [ 122.336279360000049, 44.57180310800004 ], [ 122.370953210000039, 44.482812742000078 ], [ 122.298138124000047, 44.413504022000041 ], [ 122.419496600000116, 44.292015875000061 ], [ 123.161517001000107, 44.556980822000071 ], [ 123.230864703000066, 44.532268619000035 ], [ 123.407701340000017, 44.192655180000031 ], [ 123.385648770000103, 44.099800336000044 ], [ 123.538768495000113, 43.96738206100008 ], [ 123.594940132000033, 43.713388364000025 ], [ 123.487451196000052, 43.665750779000064 ], [ 123.466646886000035, 43.56533746000008 ], [ 123.8099180050001, 43.429513536000059 ], [ 123.688126106000027, 43.151574119000031 ], [ 123.314298656000119, 43.036843230000045 ], [ 123.205942873000026, 42.862358389000065 ], [ 122.864622156000109, 42.790835680000043 ], [ 122.723759639000036, 42.898088707000056 ], [ 122.490794706000088, 42.945696946000055 ], [ 122.463705760000039, 42.858387075000053 ], [ 122.490794706000088, 42.774930506000032 ], [ 122.393274500000075, 42.735149699000033 ], [ 122.127802833000032, 42.790835680000043 ], [ 122.003193682000074, 42.755043295000064 ], [ 121.986940315000084, 42.627613980000035 ], [ 121.786482116000116, 42.55981083000006 ], [ 121.564352762000112, 42.607679533000066 ], [ 121.179689733000032, 42.375973712000075 ], [ 120.949325338000108, 42.370370206000075 ], [ 120.609521604000065, 42.193363021000039 ], [ 120.207304938000107, 41.843024046000039 ], [ 120.092881230000103, 42.046764727000038 ], [ 119.940316289000066, 42.213911075000055 ], [ 119.978457526000057, 42.32680590700005 ], [ 119.749610111000038, 42.357560310000054 ], [ 119.62131686400005, 42.465082241000061 ], [ 119.375132526000016, 42.370370206000075 ], [ 119.385534680000092, 42.278080672000044 ], [ 119.458349767000072, 42.177947594000045 ], [ 119.378599911000038, 41.724090389000025 ], [ 119.493023618000052, 41.571222200000079 ], [ 119.454882382000051, 41.454384054000059 ], [ 119.323121750000041, 41.38157835100003 ], [ 119.101209107000045, 41.410190324000041 ], [ 118.990252786000042, 41.363364173000036 ], [ 118.470145028000047, 41.430991121000034 ], [ 118.432003792000046, 41.61530616500005 ], [ 118.2378302300001, 41.832690747000072 ], [ 118.275971464, 42.069934373000081 ], [ 118.088593976000084, 42.268331099000079 ], [ 118.006486299000017, 42.435608857000034 ], [ 117.82007967900006, 42.662848838000059 ], [ 117.649206943000081, 42.680796529000077 ], [ 117.427294300000085, 42.586104872000078 ], [ 117.238668554000014, 42.582837073000064 ], [ 116.941305611000075, 42.468356205000077 ], [ 116.952401244000043, 42.268331099000079 ], [ 116.899142209000047, 42.051193356000056 ], [ 116.830349290000072, 42.024823006000076 ], [ 116.577368876000037, 42.051193356000056 ], [ 116.466412555000034, 42.10225476800008 ], [ 116.167801354000062, 41.941107159000069 ], [ 115.927108022000084, 41.990052809000076 ], [ 115.512188188000096, 41.825043031000064 ], [ 115.314685935000057, 41.662779412000077 ], [ 115.008446489000107, 41.684327765000035 ], [ 114.977378719000058, 41.732371175000026 ], [ 115.026199501000065, 42.042953798000042 ], [ 114.911692576000064, 42.195311262000075 ], [ 114.603500296000107, 42.22266251700006 ], [ 114.283946091000075, 41.905294342000047 ], [ 114.248440068000036, 41.697783539000056 ], [ 114.039664654000035, 41.550213126000074 ], [ 113.998477667000088, 41.393782116000068 ], [ 114.065228989000047, 41.298888773000044 ], [ 113.9487692350001, 41.168585596000071 ], [ 114.229533111000023, 40.814569464000044 ], [ 114.066566013000056, 40.596402036000029 ], [ 113.841185985000038, 40.556897958000036 ], [ 113.549925641000073, 40.422409663000053 ], [ 113.390425929000116, 40.432967505000079 ], [ 113.27253483700008, 40.509462278000058 ], [ 113.109567740000102, 40.49364292100006 ], [ 112.898057251000068, 40.306164054000078 ], [ 112.762829234000037, 40.282361850000029 ], [ 112.540916591000041, 40.388085235000062 ], [ 112.381200167000088, 40.367779382000037 ], [ 112.045297240000082, 39.849827821000076 ], [ 111.926105879000033, 39.724933025000041 ], [ 111.601038531000086, 39.754095423000081 ], [ 111.498100536000038, 39.603985957000077 ], [ 111.303060127000037, 39.474463710000066 ], [ 111.113437508000061, 39.645715754000037 ], [ 110.750445636000052, 39.382398119000072 ], [ 110.592246193000051, 39.457398916000045 ], [ 110.356464009000035, 39.446689457000048 ], [ 110.283648923000044, 39.516271486000051 ], [ 109.919573491000051, 39.186481065000066 ], [ 109.85022579200006, 38.944185794000077 ], [ 109.916106108000065, 38.860536065000076 ], [ 109.909171338000078, 38.795707318000041 ], [ 109.773943321000047, 38.719999186000052 ], [ 109.56243283200007, 38.703765568000051 ], [ 109.493085132000033, 38.57376395700004 ], [ 109.385596195000062, 38.511387984000066 ], [ 109.170618321000063, 38.277677116000064 ], [ 109.004183839000063, 38.182346070000051 ], [ 108.761466886000051, 37.799773880000032 ], [ 108.68865179900007, 37.750441378000062 ], [ 108.404326224000044, 37.761407001000066 ], [ 108.307239444000061, 37.912019421000025 ], [ 108.192815736000057, 37.925696207000044 ], [ 108.099196341000038, 37.860024445000079 ], [ 107.581406551000043, 37.825796156000024 ] ] ] } },
{ "type": "Feature", "properties": { "province": "Heilongjiang Province" }, "geometry": { "type": "Polygon", "coordinates": [ [ [ 131.322454637000078, 43.451513834000025 ], [ 130.952869906000046, 43.428304843000035 ], [ 130.731756148000045, 43.596708518000071 ], [ 130.52724145600007, 43.650169596000069 ], [ 130.392318570000043, 43.959715086000074 ], [ 130.169340746000103, 43.878896186000077 ], [ 130.031577376000087, 44.000594182000043 ], [ 129.89665448900007, 44.010809559000052 ], [ 129.812860274000059, 43.865586355000062 ], [ 129.578520524000055, 43.881967264000025 ], [ 129.339920049000057, 43.815391815000055 ], [ 129.312935472000049, 43.656335121000041 ], [ 129.158129212000063, 43.579220547000034 ], [ 128.956455002000098, 43.587450812000043 ], [ 128.795879014000093, 43.92104568700006 ], [ 128.605034140000043, 44.004105916000071 ], [ 128.447476162000044, 44.231922706000034 ], [ 128.487420440000051, 44.506358973000033 ], [ 128.427504025000076, 44.582275247000041 ], [ 128.154551474000073, 44.64388432100003 ], [ 128.101292439000076, 44.511106641000026 ], [ 128.130141084000115, 44.258947400000068 ], [ 128.068005542000037, 44.138034808000043 ], [ 127.87494154400008, 44.109361274000037 ], [ 127.562044717000049, 44.490530622000051 ], [ 127.586455108000109, 44.631251891000034 ], [ 127.433335383000099, 44.714890498000045 ], [ 127.309064304000117, 44.688076169000055 ], [ 127.138191568000025, 44.716467424000029 ], [ 127.047207384000103, 44.862933773000066 ], [ 127.113781178000067, 44.985489922000056 ], [ 127.029454373000021, 45.170398423000051 ], [ 126.794226971000057, 45.223566099000038 ], [ 126.689928028000054, 45.312588692000077 ], [ 126.547903938000104, 45.329752419000044 ], [ 126.294923524000069, 45.214187177000042 ], [ 125.908795524000084, 45.290736428000059 ], [ 125.779392715000085, 45.395823182000072 ], [ 125.782860100000107, 45.524721034000038 ], [ 125.713512399000024, 45.558720325000081 ], [ 125.540143146000105, 45.558720325000081 ], [ 125.439588979000064, 45.446931164000034 ], [ 125.148328635000098, 45.468820422000078 ], [ 125.009633234000034, 45.578139259000068 ], [ 124.701035964000084, 45.493131855000058 ], [ 124.513797170000089, 45.527150237000058 ], [ 124.191330361000041, 45.796139703000051 ], [ 124.059569729000032, 45.97233830700003 ], [ 124.115047890000028, 46.085485538000057 ], [ 124.104645735000076, 46.18880034600005 ], [ 123.879265707000059, 46.349392954000052 ], [ 123.366092719000108, 46.335030706000055 ], [ 123.167232208000087, 46.29186184200006 ], [ 123.029756370000086, 46.378106129000059 ], [ 123.144180077000101, 46.678683511000031 ], [ 123.414636109000071, 46.647748506000028 ], [ 123.598407518000045, 46.735747788000026 ], [ 123.646950909000111, 46.87103369700003 ], [ 123.522125047000031, 46.790377780000028 ], [ 123.137245306000068, 46.88288465200003 ], [ 122.877191426000081, 47.131150244000025 ], [ 122.703822175000028, 47.175951221000048 ], [ 122.56859415800011, 47.415816259000053 ], [ 122.648344014000031, 47.582139028000029 ], [ 123.292627499000105, 47.84503651700004 ], [ 123.352223179000021, 47.997527302000037 ], [ 123.487667908000049, 48.037391096000079 ], [ 124.262411755000016, 48.563574966000033 ], [ 124.424945428000115, 48.542057804000081 ], [ 124.45203437400005, 48.358792373000028 ], [ 124.592896892000113, 48.23624785800007 ], [ 124.630821417000107, 48.502585907000025 ], [ 124.847532981000086, 49.091437334000034 ], [ 124.990088558000025, 49.223198090000039 ], [ 125.184790356, 49.184481310000081 ], [ 125.277908606000096, 49.228726584000071 ], [ 125.379492154000104, 49.471368209000048 ], [ 125.269443312000021, 49.679959816000064 ], [ 125.362561563000099, 50.17044043900006 ], [ 125.514936883000018, 50.251702326000043 ], [ 125.608055132000118, 50.435383855000055 ], [ 125.862013998000066, 50.553858246000061 ], [ 125.91280577200007, 50.682764310000039 ], [ 125.862013998000066, 50.725654506000069 ], [ 125.87894459000006, 50.859433596000031 ], [ 126.073646387000053, 50.934182698000029 ], [ 126.107507570000053, 51.062044982000032 ], [ 126.090576979000048, 51.189555093000081 ], [ 125.946666955000069, 51.189555093000081 ], [ 125.540332769000088, 51.633072079000044 ], [ 125.150929173, 51.67508755700004 ], [ 124.880039717000045, 51.401290263000078 ], [ 124.617615555000043, 51.422410089000039 ], [ 124.405983168000034, 51.369592228000045 ], [ 124.185885483000106, 51.406571133000057 ], [ 124.092767233000018, 51.359021337000058 ], [ 123.923461322000094, 51.380160679000028 ], [ 123.821877774000086, 51.295544742000061 ], [ 123.661037161000081, 51.295544742000061 ], [ 123.550988319000112, 51.374876758000028 ], [ 123.39861299800009, 51.332583433000082 ], [ 123.237772384000095, 51.369592228000045 ], [ 123.034605291000048, 51.475166979000051 ], [ 122.822972901000071, 51.779955915000073 ], [ 122.873764675000075, 51.968106310000053 ], [ 122.7806464250001, 52.082699790000049 ], [ 122.839903493000065, 52.254039843000044 ], [ 122.7887731080001, 52.298583760000042 ], [ 122.599150489000067, 52.32839279600006 ], [ 122.496212495, 52.460634622000043 ], [ 122.35534997700006, 52.529903020000063 ], [ 122.246994194000081, 52.513420441000051 ], [ 122.192816303000086, 52.384643992000065 ], [ 122.068207153000117, 52.335014301000058 ], [ 121.932762424000089, 52.344944699000052 ], [ 121.79731769600005, 52.47053678900005 ], [ 121.629366232000052, 52.503527925000071 ], [ 121.336805618000085, 52.661541113000055 ], [ 121.916509057000098, 53.080129296000052 ], [ 121.593072279000012, 53.40578626000007 ], [ 123.644106570000076, 53.570963401000029 ], [ 124.710733806, 53.177043365000031 ], [ 125.100137401000097, 53.242949827000075 ], [ 125.667312202000062, 53.085620834000053 ], [ 126.048250500000108, 52.753862451000032 ], [ 126.090576979000048, 52.630723918000058 ], [ 126.35300114000006, 52.455682704000026 ], [ 126.556168232000118, 52.119099792000043 ], [ 126.522307051000098, 51.942021378000049 ], [ 126.992977483000118, 51.310363807000044 ], [ 126.944217380000055, 51.144116869000072 ], [ 127.415565036000089, 50.648638608000056 ], [ 127.334298198000056, 50.328070437000065 ], [ 127.583516499000098, 50.189522322000073 ], [ 127.502683084000068, 49.955993210000031 ], [ 127.74540003900006, 49.653888577000032 ], [ 128.223899175000042, 49.566262751000068 ], [ 128.65385492200005, 49.644908562000069 ], [ 129.156625754000061, 49.376994965000051 ], [ 129.430982596000035, 49.399142101000052 ], [ 130.265322124000022, 48.903044565000073 ], [ 130.612060629000098, 48.881672176000052 ], [ 130.584971684000038, 48.59583355400008 ], [ 130.817936616000111, 48.286742989000061 ], [ 130.687909677000107, 48.069984003000059 ], [ 130.877532296000027, 47.899549114000081 ], [ 130.953381344000036, 47.72490692000008 ], [ 131.392222264000111, 47.743126221000068 ], [ 131.798556450000092, 47.673858964000033 ], [ 132.492033461000119, 47.717617415000063 ], [ 132.649149345000069, 47.903181248000067 ], [ 133.185510471000043, 48.117026228000043 ], [ 133.505160031000059, 48.069984003000059 ], [ 133.694782650000093, 48.207371101000035 ], [ 134.306992823000087, 48.362392172000057 ], [ 134.691655853000043, 48.247072442000047 ], [ 134.54537554500007, 47.939488576000031 ], [ 134.740415954000014, 47.648316241000032 ], [ 134.512868812000079, 47.388533632000076 ], [ 134.214890408000088, 47.307776530000069 ], [ 133.862734113000101, 46.209200096000075 ], [ 133.689364862000048, 46.043985001000067 ], [ 133.380550880000101, 45.503612922000059 ], [ 133.147585948000028, 45.400996926000062 ], [ 133.044647953000094, 45.019311243000061 ], [ 132.941709960000026, 44.965670844000044 ], [ 132.026103594000119, 45.153192593000028 ], [ 131.901494445000026, 45.263885153000047 ], [ 131.4843246800001, 44.93883181700005 ], [ 131.077990495000108, 44.858239432000062 ], [ 131.056319337000104, 44.77753408500007 ], [ 131.365133319000051, 44.04999747800008 ], [ 131.245941958000117, 43.537694402000056 ], [ 131.332626584000081, 43.47875356000003 ], [ 131.322454637000078, 43.451513834000025 ] ] ] } },
{ "type": "Feature", "properties": { "province": "Macau Special Administrative Region" }, "geometry": { "type": "Polygon", "coordinates": [ [ [ 113.622113824000053, 22.204453236000063 ], [ 113.562463705000027, 22.091324835000023 ], [ 113.497132623000084, 22.189988398000025 ], [ 113.574683458000095, 22.227362490000075 ], [ 113.622113824000053, 22.204453236000063 ] ] ] } },
{ "type": "Feature", "properties": { "province": "Hong Kong Special Administrative Region" }, "geometry": { "type": "MultiPolygon", "coordinates": [ [ [ [ 114.260994998000115, 22.255725649000055 ], [ 114.230090555000061, 22.206925260000048 ], [ 114.125560823000114, 22.278437273000065 ], [ 114.222818921000112, 22.282642724000027 ], [ 114.260994998000115, 22.255725649000055 ] ] ], [ [ [ 114.013008056000103, 22.251399740000068 ], [ 114.027486687000078, 22.221724229000074 ], [ 113.98405079500003, 22.211192699000037 ], [ 113.916828584000086, 22.231297661000042 ], [ 113.85167474800005, 22.193000012000027 ], [ 113.841332869000098, 22.218852072000061 ], [ 113.937987420000013, 22.301838003000057 ], [ 114.023171025000011, 22.297012715000051 ], [ 114.013008056000103, 22.251399740000068 ] ] ], [ [ [ 114.414272952000033, 22.436967959000071 ], [ 114.372905437000099, 22.348997334000046 ], [ 114.265349897000078, 22.384383514000035 ], [ 114.318093480000016, 22.305947978000063 ], [ 114.278794340000104, 22.261928250000039 ], [ 114.226050759000032, 22.307861565000053 ], [ 114.10485686700008, 22.326278496000043 ], [ 114.081016251000051, 22.34884429400006 ], [ 114.11013898200008, 22.364147546000027 ], [ 113.931953582, 22.359159827000042 ], [ 113.925489908000031, 22.411455038000042 ], [ 114.043451962000063, 22.458877244000064 ], [ 114.039613323536358, 22.534065890046644 ], [ 114.277380226000105, 22.604047133000051 ], [ 114.333606298000063, 22.466597687000046 ], [ 114.414272952000033, 22.436967959000071 ] ] ] ] } },
{ "type": "Feature", "properties": { "province": "Guangzhou Province" }, "geometry": { "type": "MultiPolygon", "coordinates": [ [ [ [ 110.536768032000055, 21.084862792000024 ], [ 110.613050503000068, 20.923012990000075 ], [ 110.290583694000077, 20.96187294200007 ], [ 110.314855388000069, 21.039562549000038 ], [ 110.536768032000055, 21.084862792000024 ] ] ], [ [ [ 111.984576047000076, 21.626025668000068 ], [ 111.829769786000043, 21.57716746400007 ], [ 111.939833943000053, 21.712750031000041 ], [ 111.984576047000076, 21.626025668000068 ] ] ], [ [ [ 112.616228195000076, 21.621322133000035 ], [ 112.53855877, 21.621322133000035 ], [ 112.619189504000019, 21.717663910000056 ], [ 112.669487229000083, 21.703818053000077 ], [ 112.616228195000076, 21.621322133000035 ] ] ], [ [ [ 112.802634815000033, 21.693508644000076 ], [ 112.767128792000108, 21.580056500000069 ], [ 112.736061021000069, 21.693508644000076 ], [ 112.79325721500004, 21.763830746000053 ], [ 112.833702585000083, 21.745048303000033 ], [ 112.802634815000033, 21.693508644000076 ] ] ], [ [ [ 113.433221781000043, 22.082112712000026 ], [ 113.349427567000021, 22.037359565000031 ], [ 113.386470150000036, 22.104975362000062 ], [ 113.433221781000043, 22.082112712000026 ] ] ], [ [ [ 109.742125052000063, 21.546600053000077 ], [ 109.791970245000073, 21.679049669000051 ], [ 109.921243731000061, 21.73309787900007 ], [ 109.984264555000038, 21.910113253000077 ], [ 110.066676401000052, 21.961076975000026 ], [ 110.396323786000039, 21.994043766000061 ], [ 110.347038269000052, 22.056959092000056 ], [ 110.377336743000058, 22.248715143000027 ], [ 110.53640372600006, 22.246378231000051 ], [ 110.766167145000054, 22.344494965000024 ], [ 110.72829405400006, 22.503204202000063 ], [ 110.791415872000073, 22.629108465000058 ], [ 111.011079799000072, 22.701334809000059 ], [ 111.410009693000063, 22.964288484000065 ], [ 111.457982275000063, 23.136211966000076 ], [ 111.438591254000073, 23.427975982000078 ], [ 111.558169226000075, 23.706429473000071 ], [ 111.666435769000088, 23.762049187000059 ], [ 111.679363117000037, 23.910449108000023 ], [ 111.860345995000046, 23.957712155000024 ], [ 111.939526005000062, 24.069892438000068 ], [ 111.939526005000062, 24.292485753000051 ], [ 112.076879082, 24.460278355000071 ], [ 112.000961291000067, 24.857424712000068 ], [ 112.177571007000097, 24.891240795000044 ], [ 112.233118207000075, 24.978242759000068 ], [ 112.288665406000064, 25.263998708000031 ], [ 112.664871446, 25.257148402000041 ], [ 112.902209483000092, 25.028584218000049 ], [ 112.995629774, 25.028584218000049 ], [ 113.066326211000046, 25.23659516500004 ], [ 113.010779011000068, 25.398642752000057 ], [ 113.048652102, 25.453370304000032 ], [ 113.34658708500001, 25.585525807000067 ], [ 113.551101778000088, 25.460209502000055 ], [ 113.760666216000118, 25.41460752200004 ], [ 114.043858545000035, 25.543676803000039 ], [ 114.136083232000033, 25.402776689000063 ], [ 114.364899823000087, 25.374263894000023 ], [ 114.676563801000043, 25.449095610000029 ], [ 114.755466076000062, 25.295819018000032 ], [ 114.735740508000049, 25.156632890000026 ], [ 114.495088573000089, 25.092339483000046 ], [ 114.45958255000005, 24.945767303000025 ], [ 114.270217095000021, 24.759619799000063 ], [ 114.483253233000028, 24.587543359000051 ], [ 115.142087214000071, 24.723790129000065 ], [ 115.47347676000004, 24.841988817000072 ], [ 115.702293353000073, 24.644928543000049 ], [ 115.812756536000052, 24.641342741000074 ], [ 115.856152785000063, 24.730956888000037 ], [ 115.824591877000103, 24.895678235000048 ], [ 115.968415997000079, 24.973183089000031 ], [ 116.123785509000072, 24.960378485000035 ], [ 116.203417976000082, 24.921931108000024 ], [ 116.338896587000022, 24.934123038000052 ], [ 116.450588876000097, 24.856261539000059 ], [ 116.552973477000023, 24.684417879000023 ], [ 116.723614477000069, 24.741725517000077 ], [ 116.787734125000043, 24.724817811000037 ], [ 116.813136365000105, 24.570546555000078 ], [ 117.032901288000062, 24.29101290400007 ], [ 116.984928705000016, 24.073212073000036 ], [ 117.108647470000051, 23.835549805000028 ], [ 117.108647470000051, 23.754691292000075 ], [ 117.221615904000032, 23.642915019000043 ], [ 117.176533013000039, 23.652960275000055 ], [ 117.078891450000015, 23.557388399000047 ], [ 117.149071324000033, 23.459075130000031 ], [ 116.958365146, 23.395444071000043 ], [ 116.698311267, 23.43998902800007 ], [ 116.819669744000066, 23.258533800000066 ], [ 116.59775710100007, 23.201180692000037 ], [ 116.556148479000058, 22.984291622000057 ], [ 116.316898912000056, 22.981099469000071 ], [ 116.160866585, 22.898077019000027 ], [ 116.049910261000036, 22.907659131000059 ], [ 115.845334545000014, 22.789432508000061 ], [ 115.665030522000052, 22.914046828000039 ], [ 115.550606815000037, 22.66790379400004 ], [ 115.418846184000017, 22.677502090000075 ], [ 115.411911412000109, 22.83098330200005 ], [ 115.19346615500001, 22.846961001000068 ], [ 114.91954273500005, 22.616701547000048 ], [ 114.801651645000106, 22.642305055000065 ], [ 114.78778210400003, 22.802218718000063 ], [ 114.607478081000068, 22.728681648000077 ], [ 114.579739, 22.552671924000038 ], [ 114.3763936470001, 22.638936645000058 ], [ 114.015076432000114, 22.525838134000026 ], [ 113.903598916000078, 22.568682119000073 ], [ 113.785707824000042, 22.783038954000062 ], [ 113.67821888800006, 22.792629173000023 ], [ 113.5707299500001, 22.907659131000059 ], [ 113.570985151000059, 22.580013653000037 ], [ 113.633475751000105, 22.334569620000025 ], [ 113.523850906, 22.255314887000054 ], [ 113.381826814000078, 22.36617682900004 ], [ 113.410675456000035, 22.273797987000023 ], [ 113.215392331000089, 22.066236839000055 ], [ 113.071149113000047, 22.263529899000048 ], [ 113.011232698000072, 21.922203345000071 ], [ 112.813730447000012, 21.928379206000045 ], [ 112.616228195000076, 21.815112569000064 ], [ 112.427602447000027, 21.878964818000043 ], [ 112.383219919000112, 21.778023986000051 ], [ 112.037036196000031, 21.806871490000049 ], [ 111.766302771000085, 21.742987071000073 ], [ 111.737454127000035, 21.644013213000051 ], [ 111.58655353000006, 21.549099557000034 ], [ 111.440091185000085, 21.563546953000071 ], [ 111.342449621000071, 21.503684092000071 ], [ 111.082811829000036, 21.524329245000047 ], [ 110.989608519000058, 21.421074189000024 ], [ 110.792106266000076, 21.431402988000059 ], [ 110.632329163000065, 21.212276441000029 ], [ 110.492524199000059, 21.224688554000068 ], [ 110.212914267000087, 21.048753142000066 ], [ 110.217352520000077, 20.930656244000033 ], [ 110.366033992000041, 20.841503922000072 ], [ 110.368253119000087, 20.70041107000003 ], [ 110.528030222000041, 20.507233227000029 ], [ 110.523591968000062, 20.442786315000035 ], [ 110.306117577000066, 20.261775017000048 ], [ 109.942180843000074, 20.284673206000036 ], [ 109.92442783100006, 20.413672395000049 ], [ 109.986563372000035, 20.469815735000054 ], [ 109.800156752000078, 20.546719555000038 ], [ 109.797937624000042, 20.841503922000072 ], [ 109.682543051000039, 20.880903335000028 ], [ 109.75355509700006, 21.23089421800006 ], [ 109.991001625000081, 21.518136008000056 ], [ 109.742125052000063, 21.546600053000077 ] ] ] ] } }
]
}
